Date,Day,Predicted_Price,Market_Status
2025-01-01,Wednesday,2597.5159615608095,Open
2025-01-02,Thursday,2368.8164465881046,Open
2025-01-03,Friday,2086.5071871707246,Open
2025-01-04,Saturday,,Closed
2025-01-05,Sunday,,Closed
2025-01-06,Monday,1788.8984310574024,Open
2025-01-07,Tuesday,1503.1656241739543,Open
2025-01-08,Wednesday,1245.2241843892093,Open
2025-01-09,Thursday,1022.796252623586,Open
2025-01-10,Friday,837.9306555387604,Open
2025-01-11,Saturday,,Closed
2025-01-12,Sunday,,Closed
2025-01-13,Monday,689.0317427464565,Open
2025-01-14,Tuesday,572.4193022055656,Open
2025-01-15,Wednesday,483.4522750043146,Open
2025-01-16,Thursday,417.28303430011954,Open
2025-01-17,Friday,369.3219094516236,Open
2025-01-18,Saturday,,Closed
2025-01-19,Sunday,,Closed
2025-01-20,Monday,335.4912058353553,Open
2025-01-21,Tuesday,312.3333939153423,Open
2025-01-22,Wednesday,297.02427152901066,Open
2025-01-23,Thursday,287.3298174219583,Open
2025-01-24,Friday,281.5334757689609,Open
2025-01-25,Saturday,,Closed
2025-01-26,Sunday,,Closed
2025-01-27,Monday,278.3521543423494,Open
2025-01-28,Tuesday,276.8530222585026,Open
2025-01-29,Wednesday,276.37702725580954,Open
2025-01-30,Thursday,276.47333028920747,Open
2025-01-31,Friday,276.8452263718776,Open
2025-02-01,Saturday,,Closed
2025-02-02,Sunday,,Closed
2025-02-03,Monday,277.3065675679559,Open
2025-02-04,Tuesday,277.7487496422693,Open
2025-02-05,Wednesday,278.11538696118043,Open
2025-02-06,Thursday,278.38379918391627,Open
2025-02-07,Friday,278.55195661218386,Open
2025-02-08,Saturday,,Closed
2025-02-09,Sunday,,Closed
2025-02-10,Monday,278.62957719538565,Open
2025-02-11,Tuesday,278.63191442372295,Open
2025-02-12,Wednesday,278.5759900851522,Open
2025-02-13,Thursday,278.4780878955235,Open
2025-02-14,Friday,278.3526771434249,Open
2025-02-15,Saturday,,Closed
2025-02-16,Sunday,,Closed
2025-02-17,Monday,278.21193601861387,Open
2025-02-18,Tuesday,278.06538257596407,Open
2025-02-19,Wednesday,277.9202283950162,Open
2025-02-20,Thursday,277.7815323450003,Open
2025-02-21,Friday,277.6527387624135,Open
2025-02-22,Saturday,,Closed
2025-02-23,Sunday,,Closed
2025-02-24,Monday,277.53580046303756,Open
2025-02-25,Tuesday,277.4315631544946,Open
2025-02-26,Wednesday,277.34016522530453,Open
2025-02-27,Thursday,277.261160756903,Open
2025-02-28,Friday,277.19371941817025,Open
2025-03-01,Saturday,,Closed
2025-03-02,Sunday,,Closed
2025-03-03,Monday,277.1368417364619,Open
2025-03-04,Tuesday,277.08931296810283,Open
2025-03-05,Wednesday,277.0500413814354,Open
2025-03-06,Thursday,277.0178737387931,Open
2025-03-07,Friday,276.9917951910296,Open
2025-03-08,Saturday,,Closed
2025-03-09,Sunday,,Closed
2025-03-10,Monday,276.97079088899835,Open
2025-03-11,Tuesday,276.9540458780818,Open
2025-03-12,Wednesday,276.9408067096712,Open
2025-03-13,Thursday,276.9303968176689,Open
2025-03-14,Friday,,Closed
2025-03-15,Saturday,,Closed
2025-03-16,Sunday,,Closed
2025-03-17,Monday,276.92230877750166,Open
2025-03-18,Tuesday,276.9160505410985,Open
2025-03-19,Wednesday,276.91125307240617,Open
2025-03-20,Thursday,276.90765497088694,Open
2025-03-21,Friday,276.9048872004875,Open
2025-03-22,Saturday,,Closed
2025-03-23,Sunday,,Closed
2025-03-24,Monday,276.9028575021946,Open
2025-03-25,Tuesday,276.9013506049771,Open
2025-03-26,Wednesday,276.9002127438129,Open
2025-03-27,Thursday,276.89938241269306,Open
2025-03-28,Friday,276.8987673526043,Open
2025-03-29,Saturday,,Closed
2025-03-30,Sunday,,Closed
2025-03-31,Monday,276.89833681054216,Open
2025-04-01,Tuesday,276.89799852749337,Open
2025-04-02,Wednesday,276.89775250345787,Open
2025-04-03,Thursday,276.89756798543124,Open
2025-04-04,Friday,276.897414220409,Open
2025-04-05,Saturday,,Closed
2025-04-06,Sunday,,Closed
2025-04-07,Monday,276.8973373378979,Open
2025-04-08,Tuesday,276.8972297023824,Open
2025-04-09,Wednesday,276.8971528198713,Open
2025-04-10,Thursday,,Closed
2025-04-11,Friday,276.8970759373602,Open
2025-04-12,Saturday,,Closed
2025-04-13,Sunday,,Closed
2025-04-14,Monday,,Closed
2025-04-15,Tuesday,276.8969990548491,Open
2025-04-16,Wednesday,276.8969529253425,Open
2025-04-17,Thursday,276.896922172338,Open
2025-04-18,Friday,276.89686066632913,Open
2025-04-19,Saturday,,Closed
2025-04-20,Sunday,,Closed
2025-04-21,Monday,276.89679916032026,Open
2025-04-22,Tuesday,276.896783783818,Open
2025-04-23,Wednesday,276.8967376543114,Open
2025-04-24,Thursday,276.89670690130697,Open
2025-04-25,Friday,276.89666077180027,Open
2025-04-26,Saturday,,Closed
2025-04-27,Sunday,,Closed
2025-04-28,Monday,276.8966453952981,Open
2025-04-29,Tuesday,276.8965992657914,Open
2025-04-30,Wednesday,276.8965992657914,Open
2025-05-01,Thursday,,Closed
2025-05-02,Friday,276.8965838892892,Open
2025-05-03,Saturday,,Closed
2025-05-04,Sunday,,Closed
2025-05-05,Monday,276.89655313628475,Open
2025-05-06,Tuesday,276.89652238328034,Open
2025-05-07,Wednesday,276.89652238328034,Open
2025-05-08,Thursday,276.89652238328034,Open
2025-05-09,Friday,276.8964916302759,Open
2025-05-10,Saturday,,Closed
2025-05-11,Sunday,,Closed
2025-05-12,Monday,276.89646087727147,Open
2025-05-13,Tuesday,276.8964916302759,Open
2025-05-14,Wednesday,276.8964916302759,Open
2025-05-15,Thursday,276.89652238328034,Open
2025-05-16,Friday,276.89646087727147,Open
2025-05-17,Saturday,,Closed
2025-05-18,Sunday,,Closed
2025-05-19,Monday,276.89646087727147,Open
2025-05-20,Tuesday,276.89647625377364,Open
2025-05-21,Wednesday,276.89646087727147,Open
2025-05-22,Thursday,276.89646087727147,Open
2025-05-23,Friday,276.89646087727147,Open
2025-05-24,Saturday,,Closed
2025-05-25,Sunday,,Closed
2025-05-26,Monday,276.89646087727147,Open
2025-05-27,Tuesday,276.89644550076923,Open
2025-05-28,Wednesday,276.89644550076923,Open
2025-05-29,Thursday,276.896430124267,Open
2025-05-30,Friday,276.89646087727147,Open
2025-05-31,Saturday,,Closed
2025-06-01,Sunday,,Closed
2025-06-02,Monday,276.89646087727147,Open
2025-06-03,Tuesday,276.89646087727147,Open
2025-06-04,Wednesday,276.896430124267,Open
2025-06-05,Thursday,276.896430124267,Open
2025-06-06,Friday,276.89644550076923,Open
2025-06-07,Saturday,,Closed
2025-06-08,Sunday,,Closed
2025-06-09,Monday,276.89644550076923,Open
2025-06-10,Tuesday,276.896430124267,Open
2025-06-11,Wednesday,276.89646087727147,Open
2025-06-12,Thursday,276.89644550076923,Open
2025-06-13,Friday,276.89644550076923,Open
2025-06-14,Saturday,,Closed
2025-06-15,Sunday,,Closed
2025-06-16,Monday,276.896430124267,Open
2025-06-17,Tuesday,276.89644550076923,Open
2025-06-18,Wednesday,276.89644550076923,Open
2025-06-19,Thursday,276.896430124267,Open
2025-06-20,Friday,276.896430124267,Open
2025-06-21,Saturday,,Closed
2025-06-22,Sunday,,Closed
2025-06-23,Monday,276.896430124267,Open
2025-06-24,Tuesday,276.89646087727147,Open
2025-06-25,Wednesday,276.89646087727147,Open
2025-06-26,Thursday,276.896430124267,Open
2025-06-27,Friday,276.89646087727147,Open
2025-06-28,Saturday,,Closed
2025-06-29,Sunday,,Closed
2025-06-30,Monday,276.896430124267,Open
2025-07-01,Tuesday,276.896430124267,Open
2025-07-02,Wednesday,276.896430124267,Open
2025-07-03,Thursday,276.89646087727147,Open
2025-07-04,Friday,276.896430124267,Open
2025-07-05,Saturday,,Closed
2025-07-06,Sunday,,Closed
2025-07-07,Monday,276.896430124267,Open
2025-07-08,Tuesday,276.896430124267,Open
2025-07-09,Wednesday,276.896430124267,Open
2025-07-10,Thursday,276.896430124267,Open
2025-07-11,Friday,276.89644550076923,Open
2025-07-12,Saturday,,Closed
2025-07-13,Sunday,,Closed
2025-07-14,Monday,276.89641474776477,Open
2025-07-15,Tuesday,276.89644550076923,Open
2025-07-16,Wednesday,276.896430124267,Open
2025-07-17,Thursday,276.896430124267,Open
2025-07-18,Friday,276.896430124267,Open
2025-07-19,Saturday,,Closed
2025-07-20,Sunday,,Closed
2025-07-21,Monday,276.89644550076923,Open
2025-07-22,Tuesday,276.896430124267,Open
2025-07-23,Wednesday,276.896430124267,Open
2025-07-24,Thursday,276.89646087727147,Open
2025-07-25,Friday,276.896430124267,Open
2025-07-26,Saturday,,Closed
2025-07-27,Sunday,,Closed
2025-07-28,Monday,276.896430124267,Open
2025-07-29,Tuesday,276.896430124267,Open
2025-07-30,Wednesday,276.89644550076923,Open
2025-07-31,Thursday,276.896430124267,Open
2025-08-01,Friday,276.89644550076923,Open
2025-08-02,Saturday,,Closed
2025-08-03,Sunday,,Closed
2025-08-04,Monday,276.896430124267,Open
2025-08-05,Tuesday,276.896430124267,Open
2025-08-06,Wednesday,276.896430124267,Open
2025-08-07,Thursday,276.896430124267,Open
2025-08-08,Friday,276.896430124267,Open
2025-08-09,Saturday,,Closed
2025-08-10,Sunday,,Closed
2025-08-11,Monday,276.89644550076923,Open
2025-08-12,Tuesday,276.89646087727147,Open
2025-08-13,Wednesday,276.896430124267,Open
2025-08-14,Thursday,276.89641474776477,Open
2025-08-15,Friday,,Closed
2025-08-16,Saturday,,Closed
2025-08-17,Sunday,,Closed
2025-08-18,Monday,276.896430124267,Open
2025-08-19,Tuesday,276.896430124267,Open
2025-08-20,Wednesday,276.896430124267,Open
2025-08-21,Thursday,276.89644550076923,Open
2025-08-22,Friday,276.89644550076923,Open
2025-08-23,Saturday,,Closed
2025-08-24,Sunday,,Closed
2025-08-25,Monday,276.896430124267,Open
2025-08-26,Tuesday,276.896430124267,Open
2025-08-27,Wednesday,276.896430124267,Open
2025-08-28,Thursday,276.896430124267,Open
2025-08-29,Friday,276.89644550076923,Open
2025-08-30,Saturday,,Closed
2025-08-31,Sunday,,Closed
2025-09-01,Monday,276.896430124267,Open
2025-09-02,Tuesday,276.896430124267,Open
2025-09-03,Wednesday,276.896430124267,Open
2025-09-04,Thursday,276.896430124267,Open
2025-09-05,Friday,276.89644550076923,Open
2025-09-06,Saturday,,Closed
2025-09-07,Sunday,,Closed
2025-09-08,Monday,276.896430124267,Open
2025-09-09,Tuesday,276.89644550076923,Open
2025-09-10,Wednesday,276.896430124267,Open
2025-09-11,Thursday,276.896430124267,Open
2025-09-12,Friday,276.89641474776477,Open
2025-09-13,Saturday,,Closed
2025-09-14,Sunday,,Closed
2025-09-15,Monday,276.896430124267,Open
2025-09-16,Tuesday,276.896430124267,Open
2025-09-17,Wednesday,276.896430124267,Open
2025-09-18,Thursday,276.896430124267,Open
2025-09-19,Friday,276.896430124267,Open
2025-09-20,Saturday,,Closed
2025-09-21,Sunday,,Closed
2025-09-22,Monday,276.89641474776477,Open
2025-09-23,Tuesday,276.89644550076923,Open
2025-09-24,Wednesday,276.896430124267,Open
2025-09-25,Thursday,276.896430124267,Open
2025-09-26,Friday,276.896430124267,Open
2025-09-27,Saturday,,Closed
2025-09-28,Sunday,,Closed
2025-09-29,Monday,276.896430124267,Open
2025-09-30,Tuesday,276.896430124267,Open
2025-10-01,Wednesday,276.89644550076923,Open
2025-10-02,Thursday,,Closed
2025-10-03,Friday,276.89644550076923,Open
2025-10-04,Saturday,,Closed
2025-10-05,Sunday,,Closed
2025-10-06,Monday,276.896430124267,Open
2025-10-07,Tuesday,276.89641474776477,Open
2025-10-08,Wednesday,276.896430124267,Open
2025-10-09,Thursday,276.8963993712626,Open
2025-10-10,Friday,276.896430124267,Open
2025-10-11,Saturday,,Closed
2025-10-12,Sunday,,Closed
2025-10-13,Monday,276.896430124267,Open
2025-10-14,Tuesday,276.896430124267,Open
2025-10-15,Wednesday,276.896430124267,Open
2025-10-16,Thursday,276.89644550076923,Open
2025-10-17,Friday,276.89641474776477,Open
2025-10-18,Saturday,,Closed
2025-10-19,Sunday,,Closed
2025-10-20,Monday,,Closed
2025-10-21,Tuesday,276.896430124267,Open
2025-10-22,Wednesday,276.896430124267,Open
2025-10-23,Thursday,276.89644550076923,Open
2025-10-24,Friday,276.896430124267,Open
2025-10-25,Saturday,,Closed
2025-10-26,Sunday,,Closed
2025-10-27,Monday,276.896430124267,Open
2025-10-28,Tuesday,276.896430124267,Open
2025-10-29,Wednesday,276.896430124267,Open
2025-10-30,Thursday,276.896430124267,Open
2025-10-31,Friday,276.89646087727147,Open
2025-11-01,Saturday,,Closed
2025-11-02,Sunday,,Closed
2025-11-03,Monday,276.896430124267,Open
2025-11-04,Tuesday,276.896430124267,Open
2025-11-05,Wednesday,276.89641474776477,Open
2025-11-06,Thursday,276.896430124267,Open
2025-11-07,Friday,276.896430124267,Open
2025-11-08,Saturday,,Closed
2025-11-09,Sunday,,Closed
2025-11-10,Monday,276.896430124267,Open
2025-11-11,Tuesday,276.896430124267,Open
2025-11-12,Wednesday,276.89644550076923,Open
2025-11-13,Thursday,276.896430124267,Open
2025-11-14,Friday,276.896430124267,Open
2025-11-15,Saturday,,Closed
2025-11-16,Sunday,,Closed
2025-11-17,Monday,276.896430124267,Open
2025-11-18,Tuesday,276.89646087727147,Open
2025-11-19,Wednesday,276.89644550076923,Open
2025-11-20,Thursday,276.896430124267,Open
2025-11-21,Friday,276.896430124267,Open
2025-11-22,Saturday,,Closed
2025-11-23,Sunday,,Closed
2025-11-24,Monday,276.896430124267,Open
2025-11-25,Tuesday,276.896430124267,Open
2025-11-26,Wednesday,276.896430124267,Open
2025-11-27,Thursday,276.89644550076923,Open
2025-11-28,Friday,276.896430124267,Open
2025-11-29,Saturday,,Closed
2025-11-30,Sunday,,Closed
2025-12-01,Monday,276.896430124267,Open
2025-12-02,Tuesday,276.896430124267,Open
2025-12-03,Wednesday,276.896430124267,Open
2025-12-04,Thursday,276.896430124267,Open
2025-12-05,Friday,276.89644550076923,Open
2025-12-06,Saturday,,Closed
2025-12-07,Sunday,,Closed
2025-12-08,Monday,276.89644550076923,Open
2025-12-09,Tuesday,276.896430124267,Open
2025-12-10,Wednesday,276.89641474776477,Open
2025-12-11,Thursday,276.89644550076923,Open
2025-12-12,Friday,276.896430124267,Open
2025-12-13,Saturday,,Closed
2025-12-14,Sunday,,Closed
2025-12-15,Monday,276.89644550076923,Open
2025-12-16,Tuesday,276.89644550076923,Open
2025-12-17,Wednesday,276.896430124267,Open
2025-12-18,Thursday,276.896430124267,Open
2025-12-19,Friday,276.896430124267,Open
2025-12-20,Saturday,,Closed
2025-12-21,Sunday,,Closed
2025-12-22,Monday,276.896430124267,Open
2025-12-23,Tuesday,276.89644550076923,Open
2025-12-24,Wednesday,276.896430124267,Open
2025-12-25,Thursday,,Closed
2025-12-26,Friday,276.89646087727147,Open
2025-12-27,Saturday,,Closed
2025-12-28,Sunday,,Closed
2025-12-29,Monday,276.896430124267,Open
2025-12-30,Tuesday,276.896430124267,Open
2025-12-31,Wednesday,276.896430124267,Open
