Date,Day,Predicted_Price,Market_Status
2025-01-01,Wednesday,6281.44416555456,Open
2025-01-02,Thursday,6215.1390037745805,Open
2025-01-03,Friday,6033.691558931372,Open
2025-01-04,Saturday,,Closed
2025-01-05,Sunday,,Closed
2025-01-06,Monday,5774.473314413255,Open
2025-01-07,Tuesday,5461.715102608017,Open
2025-01-08,Wednesday,5119.583382594472,Open
2025-01-09,Thursday,4768.849166479071,Open
2025-01-10,Friday,4425.849877250665,Open
2025-01-11,Saturday,,Closed
2025-01-12,Sunday,,Closed
2025-01-13,Monday,4102.348021592017,Open
2025-01-14,Tuesday,3805.9386696579354,Open
2025-01-15,Wednesday,3540.7454710555508,Open
2025-01-16,Thursday,3308.1764693806585,Open
2025-01-17,Friday,3107.657696525574,Open
2025-01-18,Saturday,,Closed
2025-01-19,Sunday,,Closed
2025-01-20,Monday,2937.273801472253,Open
2025-01-21,Tuesday,2794.2905524296043,Open
2025-01-22,Wednesday,2675.5707308893125,Open
2025-01-23,Thursday,2577.8711637977085,Open
2025-01-24,Friday,2498.0534072662304,Open
2025-01-25,Saturday,,Closed
2025-01-26,Sunday,,Closed
2025-01-27,Monday,2433.212493189374,Open
2025-01-28,Tuesday,2380.750574597537,Open
2025-01-29,Wednesday,2338.40457840459,Open
2025-01-30,Thursday,2304.247022328045,Open
2025-01-31,Friday,2276.6651834248532,Open
2025-02-01,Saturday,,Closed
2025-02-02,Sunday,,Closed
2025-02-03,Monday,2254.331157967372,Open
2025-02-04,Tuesday,2236.1667747222928,Open
2025-02-05,Wednesday,2221.306180007101,Open
2025-02-06,Thursday,2209.0619355032413,Open
2025-02-07,Friday,2198.892668217599,Open
2025-02-08,Saturday,,Closed
2025-02-09,Sunday,,Closed
2025-02-10,Monday,2190.3748867368176,Open
2025-02-11,Tuesday,2183.179617310592,Open
2025-02-12,Wednesday,2177.051613233477,Open
2025-02-13,Thursday,2171.793384055667,Open
2025-02-14,Friday,2167.251920630323,Open
2025-02-15,Saturday,,Closed
2025-02-16,Sunday,,Closed
2025-02-17,Monday,2163.3081568434473,Open
2025-02-18,Tuesday,2159.868637028203,Open
2025-02-19,Wednesday,2156.8592256796483,Open
2025-02-20,Thursday,2154.2205327018128,Open
2025-02-21,Friday,2151.904033036916,Open
2025-02-22,Saturday,,Closed
2025-02-23,Sunday,,Closed
2025-02-24,Monday,2149.8694933668494,Open
2025-02-25,Tuesday,2148.082970658771,Open
2025-02-26,Wednesday,2146.5155050928443,Open
2025-02-27,Thursday,2145.1417721439648,Open
2025-02-28,Friday,2143.939714967687,Open
2025-03-01,Saturday,,Closed
2025-03-02,Sunday,,Closed
2025-03-03,Monday,2142.8895640960263,Open
2025-03-04,Tuesday,2141.9740416675004,Open
2025-03-05,Wednesday,2141.1772585849067,Open
2025-03-06,Thursday,2140.485449743471,Open
2025-03-07,Friday,2139.8859120346324,Open
2025-03-08,Saturday,,Closed
2025-03-09,Sunday,,Closed
2025-03-10,Monday,2139.3674128061275,Open
2025-03-11,Tuesday,2138.919903939931,Open
2025-03-12,Wednesday,2138.534317622215,Open
2025-03-13,Thursday,2138.202811419399,Open
2025-03-14,Friday,,Closed
2025-03-15,Saturday,,Closed
2025-03-16,Sunday,,Closed
2025-03-17,Monday,2137.9182781260506,Open
2025-03-18,Tuesday,2137.6743866108936,Open
2025-03-19,Wednesday,2137.4657452008414,Open
2025-03-20,Thursday,2137.2875340669225,Open
2025-03-21,Friday,2137.1354643782724,Open
2025-03-22,Saturday,,Closed
2025-03-23,Sunday,,Closed
2025-03-24,Monday,2137.005819148142,Open
2025-03-25,Tuesday,2136.8954532338976,Open
2025-03-26,Wednesday,2136.801548260971,Open
2025-03-27,Thursday,2136.721694314876,Open
2025-03-28,Friday,2136.653930787218,Open
2025-03-29,Saturday,,Closed
2025-03-30,Sunday,,Closed
2025-03-31,Monday,2136.5964196076266,Open
2025-04-01,Tuesday,2136.547486089764,Open
2025-04-02,Wednesday,2136.506068237416,Open
2025-04-03,Thursday,2136.4708181323113,Open
2025-04-04,Friday,2136.440959700293,Open
2025-04-05,Saturday,,Closed
2025-04-06,Sunday,,Closed
2025-04-07,Monday,2136.4155126371643,Open
2025-04-08,Tuesday,2136.394027636834,Open
2025-04-09,Wednesday,2136.3756877791375,Open
2025-04-10,Thursday,,Closed
2025-04-11,Friday,2136.3602071420173,Open
2025-04-12,Saturday,,Closed
2025-04-13,Sunday,,Closed
2025-04-14,Monday,,Closed
2025-04-15,Tuesday,2136.34697303535,Open
2025-04-16,Wednesday,2136.3356995370777,Open
2025-04-17,Thursday,2136.326059879135,Open
2025-04-18,Friday,2136.3178906774883,Open
2025-04-19,Saturday,,Closed
2025-04-20,Sunday,,Closed
2025-04-21,Monday,2136.3109060100805,Open
2025-04-22,Tuesday,2136.3049424928786,Open
2025-04-23,Wednesday,2136.2997958958413,Open
2025-04-24,Thursday,2136.2954662189686,Open
2025-04-25,Friday,2136.2917492322194,Open
2025-04-26,Saturday,,Closed
2025-04-27,Sunday,,Closed
2025-04-28,Monday,2136.288481551561,Open
2025-04-29,Tuesday,2136.2857448690092,Open
2025-04-30,Wednesday,2136.2833349545235,Open
2025-05-01,Thursday,,Closed
2025-05-02,Friday,2136.28133350012,Open
2025-05-03,Saturday,,Closed
2025-05-04,Sunday,,Closed
2025-05-05,Monday,2136.279577121766,Open
2025-05-06,Tuesday,2136.2781066654697,Open
2025-05-07,Wednesday,2136.276758747198,Open
2025-05-08,Thursday,2136.2756150589676,Open
2025-05-09,Friday,2136.27463475477,Open
2025-05-10,Saturday,,Closed
2025-05-11,Sunday,,Closed
2025-05-12,Monday,2136.2738178346053,Open
2025-05-13,Tuesday,2136.273041760449,Open
2025-05-14,Wednesday,2136.272388224317,Open
2025-05-15,Thursday,2136.27185722621,Open
2025-05-16,Friday,2136.2714079201196,Open
2025-05-17,Saturday,,Closed
2025-05-18,Sunday,,Closed
2025-05-19,Monday,2136.2709994600373,Open
2025-05-20,Tuesday,2136.270590999955,Open
2025-05-21,Wednesday,2136.2703050778973,Open
2025-05-22,Thursday,2136.2700191558397,Open
2025-05-23,Friday,2136.269733233782,Open
2025-05-24,Saturday,,Closed
2025-05-25,Sunday,,Closed
2025-05-26,Monday,2136.2694881577327,Open
2025-05-27,Tuesday,2136.2693247736997,Open
2025-05-28,Wednesday,2136.269161389667,Open
2025-05-29,Thursday,2136.268998005634,Open
2025-05-30,Friday,2136.2689571596256,Open
2025-05-31,Saturday,,Closed
2025-06-01,Sunday,,Closed
2025-06-02,Monday,2136.268834621601,Open
2025-06-03,Tuesday,2136.2687120835762,Open
2025-06-04,Wednesday,2136.26863039156,Open
2025-06-05,Thursday,2136.2685895455515,Open
2025-06-06,Friday,2136.2685895455515,Open
2025-06-07,Saturday,,Closed
2025-06-08,Sunday,,Closed
2025-06-09,Monday,2136.2685486995433,Open
2025-06-10,Tuesday,2136.2685486995433,Open
2025-06-11,Wednesday,2136.268507853535,Open
2025-06-12,Thursday,2136.268467007527,Open
2025-06-13,Friday,2136.268467007527,Open
2025-06-14,Saturday,,Closed
2025-06-15,Sunday,,Closed
2025-06-16,Monday,2136.2684261615186,Open
2025-06-17,Tuesday,2136.268344469502,Open
2025-06-18,Wednesday,2136.2683853155104,Open
2025-06-19,Thursday,2136.2683853155104,Open
2025-06-20,Friday,2136.268344469502,Open
2025-06-21,Saturday,,Closed
2025-06-22,Sunday,,Closed
2025-06-23,Monday,2136.268303623494,Open
2025-06-24,Tuesday,2136.268303623494,Open
2025-06-25,Wednesday,2136.268344469502,Open
2025-06-26,Thursday,2136.2682627774857,Open
2025-06-27,Friday,2136.268303623494,Open
2025-06-28,Saturday,,Closed
2025-06-29,Sunday,,Closed
2025-06-30,Monday,2136.2682627774857,Open
2025-07-01,Tuesday,2136.2682627774857,Open
2025-07-02,Wednesday,2136.2682627774857,Open
2025-07-03,Thursday,2136.2682627774857,Open
2025-07-04,Friday,2136.2682627774857,Open
2025-07-05,Saturday,,Closed
2025-07-06,Sunday,,Closed
2025-07-07,Monday,2136.2682627774857,Open
2025-07-08,Tuesday,2136.268303623494,Open
2025-07-09,Wednesday,2136.2682627774857,Open
2025-07-10,Thursday,2136.2682627774857,Open
2025-07-11,Friday,2136.2682627774857,Open
2025-07-12,Saturday,,Closed
2025-07-13,Sunday,,Closed
2025-07-14,Monday,2136.2682627774857,Open
2025-07-15,Tuesday,2136.2682627774857,Open
2025-07-16,Wednesday,2136.2682627774857,Open
2025-07-17,Thursday,2136.2682219314775,Open
2025-07-18,Friday,2136.2682627774857,Open
2025-07-19,Saturday,,Closed
2025-07-20,Sunday,,Closed
2025-07-21,Monday,2136.268303623494,Open
2025-07-22,Tuesday,2136.2682627774857,Open
2025-07-23,Wednesday,2136.2682627774857,Open
2025-07-24,Thursday,2136.2682627774857,Open
2025-07-25,Friday,2136.2682219314775,Open
2025-07-26,Saturday,,Closed
2025-07-27,Sunday,,Closed
2025-07-28,Monday,2136.2682219314775,Open
2025-07-29,Tuesday,2136.2682627774857,Open
2025-07-30,Wednesday,2136.2682627774857,Open
2025-07-31,Thursday,2136.2682627774857,Open
2025-08-01,Friday,2136.2682627774857,Open
2025-08-02,Saturday,,Closed
2025-08-03,Sunday,,Closed
2025-08-04,Monday,2136.2682627774857,Open
2025-08-05,Tuesday,2136.2682627774857,Open
2025-08-06,Wednesday,2136.2682627774857,Open
2025-08-07,Thursday,2136.2682627774857,Open
2025-08-08,Friday,2136.2682219314775,Open
2025-08-09,Saturday,,Closed
2025-08-10,Sunday,,Closed
2025-08-11,Monday,2136.2682627774857,Open
2025-08-12,Tuesday,2136.2682627774857,Open
2025-08-13,Wednesday,2136.2682627774857,Open
2025-08-14,Thursday,2136.268303623494,Open
2025-08-15,Friday,,Closed
2025-08-16,Saturday,,Closed
2025-08-17,Sunday,,Closed
2025-08-18,Monday,2136.2682627774857,Open
2025-08-19,Tuesday,2136.2682219314775,Open
2025-08-20,Wednesday,2136.2682219314775,Open
2025-08-21,Thursday,2136.2682219314775,Open
2025-08-22,Friday,2136.2682219314775,Open
2025-08-23,Saturday,,Closed
2025-08-24,Sunday,,Closed
2025-08-25,Monday,2136.2682627774857,Open
2025-08-26,Tuesday,2136.2682627774857,Open
2025-08-27,Wednesday,2136.2682627774857,Open
2025-08-28,Thursday,2136.2682219314775,Open
2025-08-29,Friday,2136.268303623494,Open
2025-08-30,Saturday,,Closed
2025-08-31,Sunday,,Closed
2025-09-01,Monday,2136.2682219314775,Open
2025-09-02,Tuesday,2136.2682219314775,Open
2025-09-03,Wednesday,2136.2682627774857,Open
2025-09-04,Thursday,2136.2682627774857,Open
2025-09-05,Friday,2136.2682219314775,Open
2025-09-06,Saturday,,Closed
2025-09-07,Sunday,,Closed
2025-09-08,Monday,2136.2682219314775,Open
2025-09-09,Tuesday,2136.2682627774857,Open
2025-09-10,Wednesday,2136.268303623494,Open
2025-09-11,Thursday,2136.2682219314775,Open
2025-09-12,Friday,2136.2682219314775,Open
2025-09-13,Saturday,,Closed
2025-09-14,Sunday,,Closed
2025-09-15,Monday,2136.2682627774857,Open
2025-09-16,Tuesday,2136.2682627774857,Open
2025-09-17,Wednesday,2136.2682627774857,Open
2025-09-18,Thursday,2136.268303623494,Open
2025-09-19,Friday,2136.2682627774857,Open
2025-09-20,Saturday,,Closed
2025-09-21,Sunday,,Closed
2025-09-22,Monday,2136.2682627774857,Open
2025-09-23,Tuesday,2136.2682627774857,Open
2025-09-24,Wednesday,2136.2682219314775,Open
2025-09-25,Thursday,2136.2682627774857,Open
2025-09-26,Friday,2136.2682219314775,Open
2025-09-27,Saturday,,Closed
2025-09-28,Sunday,,Closed
2025-09-29,Monday,2136.2682627774857,Open
2025-09-30,Tuesday,2136.2682627774857,Open
2025-10-01,Wednesday,2136.2682627774857,Open
2025-10-02,Thursday,,Closed
2025-10-03,Friday,2136.2682627774857,Open
2025-10-04,Saturday,,Closed
2025-10-05,Sunday,,Closed
2025-10-06,Monday,2136.2682627774857,Open
2025-10-07,Tuesday,2136.2682627774857,Open
2025-10-08,Wednesday,2136.2682627774857,Open
2025-10-09,Thursday,2136.2682627774857,Open
2025-10-10,Friday,2136.2682219314775,Open
2025-10-11,Saturday,,Closed
2025-10-12,Sunday,,Closed
2025-10-13,Monday,2136.268303623494,Open
2025-10-14,Tuesday,2136.2682627774857,Open
2025-10-15,Wednesday,2136.268303623494,Open
2025-10-16,Thursday,2136.2682627774857,Open
2025-10-17,Friday,2136.2682627774857,Open
2025-10-18,Saturday,,Closed
2025-10-19,Sunday,,Closed
2025-10-20,Monday,,Closed
2025-10-21,Tuesday,2136.2682627774857,Open
2025-10-22,Wednesday,2136.2682627774857,Open
2025-10-23,Thursday,2136.2682627774857,Open
2025-10-24,Friday,2136.2682627774857,Open
2025-10-25,Saturday,,Closed
2025-10-26,Sunday,,Closed
2025-10-27,Monday,2136.2682219314775,Open
2025-10-28,Tuesday,2136.2682219314775,Open
2025-10-29,Wednesday,2136.2682627774857,Open
2025-10-30,Thursday,2136.2682627774857,Open
2025-10-31,Friday,2136.2682219314775,Open
2025-11-01,Saturday,,Closed
2025-11-02,Sunday,,Closed
2025-11-03,Monday,2136.2682219314775,Open
2025-11-04,Tuesday,2136.2682627774857,Open
2025-11-05,Wednesday,2136.2682627774857,Open
2025-11-06,Thursday,2136.2682627774857,Open
2025-11-07,Friday,2136.2682627774857,Open
2025-11-08,Saturday,,Closed
2025-11-09,Sunday,,Closed
2025-11-10,Monday,2136.2682219314775,Open
2025-11-11,Tuesday,2136.2682219314775,Open
2025-11-12,Wednesday,2136.2682627774857,Open
2025-11-13,Thursday,2136.2682219314775,Open
2025-11-14,Friday,2136.2682627774857,Open
2025-11-15,Saturday,,Closed
2025-11-16,Sunday,,Closed
2025-11-17,Monday,2136.2682627774857,Open
2025-11-18,Tuesday,2136.2682627774857,Open
2025-11-19,Wednesday,2136.2682627774857,Open
2025-11-20,Thursday,2136.2682219314775,Open
2025-11-21,Friday,2136.2682219314775,Open
2025-11-22,Saturday,,Closed
2025-11-23,Sunday,,Closed
2025-11-24,Monday,2136.2682627774857,Open
2025-11-25,Tuesday,2136.2682627774857,Open
2025-11-26,Wednesday,2136.2682219314775,Open
2025-11-27,Thursday,2136.268303623494,Open
2025-11-28,Friday,2136.2682627774857,Open
2025-11-29,Saturday,,Closed
2025-11-30,Sunday,,Closed
2025-12-01,Monday,2136.2682219314775,Open
2025-12-02,Tuesday,2136.2682627774857,Open
2025-12-03,Wednesday,2136.2682627774857,Open
2025-12-04,Thursday,2136.2682627774857,Open
2025-12-05,Friday,2136.2682627774857,Open
2025-12-06,Saturday,,Closed
2025-12-07,Sunday,,Closed
2025-12-08,Monday,2136.2682627774857,Open
2025-12-09,Tuesday,2136.2682627774857,Open
2025-12-10,Wednesday,2136.2682627774857,Open
2025-12-11,Thursday,2136.2682627774857,Open
2025-12-12,Friday,2136.2682627774857,Open
2025-12-13,Saturday,,Closed
2025-12-14,Sunday,,Closed
2025-12-15,Monday,2136.2682627774857,Open
2025-12-16,Tuesday,2136.2682627774857,Open
2025-12-17,Wednesday,2136.2682627774857,Open
2025-12-18,Thursday,2136.2682219314775,Open
2025-12-19,Friday,2136.2682219314775,Open
2025-12-20,Saturday,,Closed
2025-12-21,Sunday,,Closed
2025-12-22,Monday,2136.2682627774857,Open
2025-12-23,Tuesday,2136.2682219314775,Open
2025-12-24,Wednesday,2136.2682219314775,Open
2025-12-25,Thursday,,Closed
2025-12-26,Friday,2136.268303623494,Open
2025-12-27,Saturday,,Closed
2025-12-28,Sunday,,Closed
2025-12-29,Monday,2136.2682627774857,Open
2025-12-30,Tuesday,2136.2682219314775,Open
2025-12-31,Wednesday,2136.2682627774857,Open
