Date,Day,Predicted_Price,Market_Status
2025-01-01,Wednesday,1918.8358789874908,Open
2025-01-02,Thursday,1823.041165437098,Open
2025-01-03,Friday,1665.138720889219,Open
2025-01-04,Saturday,,Closed
2025-01-05,Sunday,,Closed
2025-01-06,Monday,1484.3434489697718,Open
2025-01-07,Tuesday,1299.792721362948,Open
2025-01-08,Wednesday,1122.508848331581,Open
2025-01-09,Thursday,958.4017954803475,Open
2025-01-10,Friday,810.4101541669678,Open
2025-01-11,Saturday,,Closed
2025-01-12,Sunday,,Closed
2025-01-13,Monday,679.7247095491037,Open
2025-01-14,Tuesday,566.4499750908543,Open
2025-01-15,Wednesday,469.98018752786624,Open
2025-01-16,Thursday,389.23958988939825,Open
2025-01-17,Friday,322.8553194682194,Open
2025-01-18,Saturday,,Closed
2025-01-19,Sunday,,Closed
2025-01-20,Monday,269.2891731416643,Open
2025-01-21,Tuesday,226.94140785110244,Open
2025-01-22,Wednesday,194.23014836483458,Open
2025-01-23,Thursday,169.6497439897521,Open
2025-01-24,Friday,151.81007635021297,Open
2025-01-25,Saturday,,Closed
2025-01-26,Sunday,,Closed
2025-01-27,Monday,139.45985742114271,Open
2025-01-28,Tuesday,131.4974323254537,Open
2025-01-29,Wednesday,126.97131947391608,Open
2025-01-30,Thursday,125.07450668812044,Open
2025-01-31,Friday,125.13372042170795,Open
2025-02-01,Saturday,,Closed
2025-02-02,Sunday,,Closed
2025-02-03,Monday,126.59634717362815,Open
2025-02-04,Tuesday,129.01669232982158,Open
2025-02-05,Wednesday,132.04110111024102,Open
2025-02-06,Thursday,135.39492319329884,Open
2025-02-07,Friday,138.86931889928564,Open
2025-02-08,Saturday,,Closed
2025-02-09,Sunday,,Closed
2025-02-10,Monday,142.31032675938195,Open
2025-02-11,Tuesday,145.60830558164707,Open
2025-02-12,Wednesday,148.68943625038264,Open
2025-02-13,Thursday,151.50807334555975,Open
2025-02-14,Friday,154.04029227182718,Open
2025-02-15,Saturday,,Closed
2025-02-16,Sunday,,Closed
2025-02-17,Monday,156.27876153066973,Open
2025-02-18,Tuesday,158.22823435295186,Open
2025-02-19,Wednesday,159.90201978509413,Open
2025-02-20,Thursday,161.3190155207153,Open
2025-02-21,Friday,162.50180660828664,Open
2025-02-22,Saturday,,Closed
2025-02-23,Sunday,,Closed
2025-02-24,Monday,163.4745625065675,Open
2025-02-25,Tuesday,164.26191359367385,Open
2025-02-26,Wednesday,164.88801492463517,Open
2025-02-27,Thursday,165.37586925608957,Open
2025-02-28,Friday,165.74666447470872,Open
2025-03-01,Saturday,,Closed
2025-03-02,Sunday,,Closed
2025-03-03,Monday,166.019888827037,Open
2025-03-04,Tuesday,166.21281238521533,Open
2025-03-05,Wednesday,166.34083273649867,Open
2025-03-06,Thursday,166.41725892730756,Open
2025-03-07,Friday,166.45342669306729,Open
2025-03-08,Saturday,,Closed
2025-03-09,Sunday,,Closed
2025-03-10,Monday,166.45898653280574,Open
2025-03-11,Tuesday,166.44201893899253,Open
2025-03-12,Wednesday,166.40913522364826,Open
2025-03-13,Thursday,166.36562155564343,Open
2025-03-14,Friday,,Closed
2025-03-15,Saturday,,Closed
2025-03-16,Sunday,,Closed
2025-03-17,Monday,166.31575584275606,Open
2025-03-18,Tuesday,166.2628653465913,Open
2025-03-19,Wednesday,166.20944191242052,Open
2025-03-20,Thursday,166.15734362139983,Open
2025-03-21,Friday,166.10792442413913,Open
2025-03-22,Saturday,,Closed
2025-03-23,Sunday,,Closed
2025-03-24,Monday,166.06201973697216,Open
2025-03-25,Tuesday,166.02011928671527,Open
2025-03-26,Wednesday,165.9825399554261,Open
2025-03-27,Thursday,165.94935376175408,Open
2025-03-28,Friday,165.92037345721064,Open
2025-03-29,Saturday,,Closed
2025-03-30,Sunday,,Closed
2025-03-31,Monday,165.89544060076696,Open
2025-04-01,Tuesday,165.8742239066355,Open
2025-04-02,Wednesday,165.856492915138,Open
2025-04-03,Thursday,165.841772303188,Open
2025-04-04,Friday,165.82978839991756,Open
2025-04-05,Saturday,,Closed
2025-04-06,Sunday,,Closed
2025-04-07,Monday,165.82018111207935,Open
2025-04-08,Tuesday,165.81259034642608,Open
2025-04-09,Wednesday,165.80672802835988,Open
2025-04-10,Thursday,,Closed
2025-04-11,Friday,165.8023492944726,Open
2025-04-12,Saturday,,Closed
2025-04-13,Sunday,,Closed
2025-04-14,Monday,,Closed
2025-04-15,Tuesday,165.79918047389629,Open
2025-04-16,Wednesday,165.79699110695265,Open
2025-04-17,Thursday,165.7955795414232,Open
2025-04-18,Friday,165.79478733627911,Open
2025-04-19,Saturday,,Closed
2025-04-20,Sunday,,Closed
2025-04-21,Monday,165.79447045422148,Open
2025-04-22,Tuesday,165.79455687660084,Open
2025-04-23,Wednesday,165.79487375865847,Open
2025-04-24,Thursday,165.7953778892047,Open
2025-04-25,Friday,165.79601165331997,Open
2025-04-26,Saturday,,Closed
2025-04-27,Sunday,,Closed
2025-04-28,Monday,165.7967030323548,Open
2025-04-29,Tuesday,165.7974520263092,Open
2025-04-30,Wednesday,165.79817221280382,Open
2025-05-01,Thursday,,Closed
2025-05-02,Friday,165.79882038064898,Open
2025-05-03,Saturday,,Closed
2025-05-04,Sunday,,Closed
2025-05-05,Monday,165.79949735595392,Open
2025-05-06,Tuesday,165.8001167163393,Open
2025-05-07,Wednesday,165.80069286553498,Open
2025-05-08,Thursday,165.80116818862143,Open
2025-05-09,Friday,165.80157149305842,Open
2025-05-10,Saturday,,Closed
2025-05-11,Sunday,,Closed
2025-05-12,Monday,165.8020036049552,Open
2025-05-13,Tuesday,165.80230608328293,Open
2025-05-14,Wednesday,165.80260856161067,Open
2025-05-15,Thursday,165.80282461755905,Open
2025-05-16,Friday,165.80302626977755,Open
2025-05-17,Saturday,,Closed
2025-05-18,Sunday,,Closed
2025-05-19,Monday,165.80319911453626,Open
2025-05-20,Tuesday,165.8033287481053,Open
2025-05-21,Wednesday,165.80344397794443,Open
2025-05-22,Thursday,165.8035159965939,Open
2025-05-23,Friday,165.80354480405367,Open
2025-05-24,Saturday,,Closed
2025-05-25,Sunday,,Closed
2025-05-26,Monday,165.80360241897324,Open
2025-05-27,Tuesday,165.8036600338928,Open
2025-05-28,Wednesday,165.8036888413526,Open
2025-05-29,Thursday,165.8037032450825,Open
2025-05-30,Friday,165.8036888413526,Open
2025-05-31,Saturday,,Closed
2025-06-01,Sunday,,Closed
2025-06-02,Monday,165.8036888413526,Open
2025-06-03,Tuesday,165.8036744376227,Open
2025-06-04,Wednesday,165.8036744376227,Open
2025-06-05,Thursday,165.8036744376227,Open
2025-06-06,Friday,165.80364563016292,Open
2025-06-07,Saturday,,Closed
2025-06-08,Sunday,,Closed
2025-06-09,Monday,165.8036600338928,Open
2025-06-10,Tuesday,165.80363122643303,Open
2025-06-11,Wednesday,165.80363122643303,Open
2025-06-12,Thursday,165.80361682270313,Open
2025-06-13,Friday,165.80361682270313,Open
2025-06-14,Saturday,,Closed
2025-06-15,Sunday,,Closed
2025-06-16,Monday,165.80361682270313,Open
2025-06-17,Tuesday,165.80360241897324,Open
2025-06-18,Wednesday,165.80358801524335,Open
2025-06-19,Thursday,165.80358801524335,Open
2025-06-20,Friday,165.80358801524335,Open
2025-06-21,Saturday,,Closed
2025-06-22,Sunday,,Closed
2025-06-23,Monday,165.80358801524335,Open
2025-06-24,Tuesday,165.80357361151346,Open
2025-06-25,Wednesday,165.80357361151346,Open
2025-06-26,Thursday,165.80358801524335,Open
2025-06-27,Friday,165.80357361151346,Open
2025-06-28,Saturday,,Closed
2025-06-29,Sunday,,Closed
2025-06-30,Monday,165.80357361151346,Open
2025-07-01,Tuesday,165.80357361151346,Open
2025-07-02,Wednesday,165.80357361151346,Open
2025-07-03,Thursday,165.80357361151346,Open
2025-07-04,Friday,165.80357361151346,Open
2025-07-05,Saturday,,Closed
2025-07-06,Sunday,,Closed
2025-07-07,Monday,165.80357361151346,Open
2025-07-08,Tuesday,165.80357361151346,Open
2025-07-09,Wednesday,165.80355920778356,Open
2025-07-10,Thursday,165.80357361151346,Open
2025-07-11,Friday,165.80357361151346,Open
2025-07-12,Saturday,,Closed
2025-07-13,Sunday,,Closed
2025-07-14,Monday,165.80357361151346,Open
2025-07-15,Tuesday,165.80355920778356,Open
2025-07-16,Wednesday,165.80357361151346,Open
2025-07-17,Thursday,165.80355920778356,Open
2025-07-18,Friday,165.80357361151346,Open
2025-07-19,Saturday,,Closed
2025-07-20,Sunday,,Closed
2025-07-21,Monday,165.80357361151346,Open
2025-07-22,Tuesday,165.80357361151346,Open
2025-07-23,Wednesday,165.80357361151346,Open
2025-07-24,Thursday,165.80355920778356,Open
2025-07-25,Friday,165.80357361151346,Open
2025-07-26,Saturday,,Closed
2025-07-27,Sunday,,Closed
2025-07-28,Monday,165.80357361151346,Open
2025-07-29,Tuesday,165.80357361151346,Open
2025-07-30,Wednesday,165.80354480405367,Open
2025-07-31,Thursday,165.80357361151346,Open
2025-08-01,Friday,165.80357361151346,Open
2025-08-02,Saturday,,Closed
2025-08-03,Sunday,,Closed
2025-08-04,Monday,165.80354480405367,Open
2025-08-05,Tuesday,165.80357361151346,Open
2025-08-06,Wednesday,165.80357361151346,Open
2025-08-07,Thursday,165.80357361151346,Open
2025-08-08,Friday,165.80357361151346,Open
2025-08-09,Saturday,,Closed
2025-08-10,Sunday,,Closed
2025-08-11,Monday,165.80357361151346,Open
2025-08-12,Tuesday,165.80357361151346,Open
2025-08-13,Wednesday,165.80357361151346,Open
2025-08-14,Thursday,165.80357361151346,Open
2025-08-15,Friday,,Closed
2025-08-16,Saturday,,Closed
2025-08-17,Sunday,,Closed
2025-08-18,Monday,165.80357361151346,Open
2025-08-19,Tuesday,165.80357361151346,Open
2025-08-20,Wednesday,165.80357361151346,Open
2025-08-21,Thursday,165.80357361151346,Open
2025-08-22,Friday,165.80357361151346,Open
2025-08-23,Saturday,,Closed
2025-08-24,Sunday,,Closed
2025-08-25,Monday,165.80357361151346,Open
2025-08-26,Tuesday,165.80357361151346,Open
2025-08-27,Wednesday,165.80358801524335,Open
2025-08-28,Thursday,165.80357361151346,Open
2025-08-29,Friday,165.80357361151346,Open
2025-08-30,Saturday,,Closed
2025-08-31,Sunday,,Closed
2025-09-01,Monday,165.80358801524335,Open
2025-09-02,Tuesday,165.80357361151346,Open
2025-09-03,Wednesday,165.80358801524335,Open
2025-09-04,Thursday,165.80358801524335,Open
2025-09-05,Friday,165.80357361151346,Open
2025-09-06,Saturday,,Closed
2025-09-07,Sunday,,Closed
2025-09-08,Monday,165.80358801524335,Open
2025-09-09,Tuesday,165.80357361151346,Open
2025-09-10,Wednesday,165.80357361151346,Open
2025-09-11,Thursday,165.80357361151346,Open
2025-09-12,Friday,165.80357361151346,Open
2025-09-13,Saturday,,Closed
2025-09-14,Sunday,,Closed
2025-09-15,Monday,165.80357361151346,Open
2025-09-16,Tuesday,165.80357361151346,Open
2025-09-17,Wednesday,165.80357361151346,Open
2025-09-18,Thursday,165.80357361151346,Open
2025-09-19,Friday,165.80357361151346,Open
2025-09-20,Saturday,,Closed
2025-09-21,Sunday,,Closed
2025-09-22,Monday,165.80357361151346,Open
2025-09-23,Tuesday,165.80357361151346,Open
2025-09-24,Wednesday,165.80357361151346,Open
2025-09-25,Thursday,165.80357361151346,Open
2025-09-26,Friday,165.80358801524335,Open
2025-09-27,Saturday,,Closed
2025-09-28,Sunday,,Closed
2025-09-29,Monday,165.80357361151346,Open
2025-09-30,Tuesday,165.80357361151346,Open
2025-10-01,Wednesday,165.80357361151346,Open
2025-10-02,Thursday,,Closed
2025-10-03,Friday,165.80355920778356,Open
2025-10-04,Saturday,,Closed
2025-10-05,Sunday,,Closed
2025-10-06,Monday,165.80357361151346,Open
2025-10-07,Tuesday,165.80357361151346,Open
2025-10-08,Wednesday,165.80358801524335,Open
2025-10-09,Thursday,165.80357361151346,Open
2025-10-10,Friday,165.80357361151346,Open
2025-10-11,Saturday,,Closed
2025-10-12,Sunday,,Closed
2025-10-13,Monday,165.80357361151346,Open
2025-10-14,Tuesday,165.80357361151346,Open
2025-10-15,Wednesday,165.80357361151346,Open
2025-10-16,Thursday,165.80357361151346,Open
2025-10-17,Friday,165.80357361151346,Open
2025-10-18,Saturday,,Closed
2025-10-19,Sunday,,Closed
2025-10-20,Monday,,Closed
2025-10-21,Tuesday,165.80357361151346,Open
2025-10-22,Wednesday,165.80357361151346,Open
2025-10-23,Thursday,165.80358801524335,Open
2025-10-24,Friday,165.80357361151346,Open
2025-10-25,Saturday,,Closed
2025-10-26,Sunday,,Closed
2025-10-27,Monday,165.80357361151346,Open
2025-10-28,Tuesday,165.80357361151346,Open
2025-10-29,Wednesday,165.80357361151346,Open
2025-10-30,Thursday,165.80357361151346,Open
2025-10-31,Friday,165.80357361151346,Open
2025-11-01,Saturday,,Closed
2025-11-02,Sunday,,Closed
2025-11-03,Monday,165.80357361151346,Open
2025-11-04,Tuesday,165.80357361151346,Open
2025-11-05,Wednesday,165.80357361151346,Open
2025-11-06,Thursday,165.80357361151346,Open
2025-11-07,Friday,165.80357361151346,Open
2025-11-08,Saturday,,Closed
2025-11-09,Sunday,,Closed
2025-11-10,Monday,165.80357361151346,Open
2025-11-11,Tuesday,165.80357361151346,Open
2025-11-12,Wednesday,165.80357361151346,Open
2025-11-13,Thursday,165.80358801524335,Open
2025-11-14,Friday,165.80357361151346,Open
2025-11-15,Saturday,,Closed
2025-11-16,Sunday,,Closed
2025-11-17,Monday,165.80357361151346,Open
2025-11-18,Tuesday,165.80357361151346,Open
2025-11-19,Wednesday,165.80358801524335,Open
2025-11-20,Thursday,165.80357361151346,Open
2025-11-21,Friday,165.80357361151346,Open
2025-11-22,Saturday,,Closed
2025-11-23,Sunday,,Closed
2025-11-24,Monday,165.80358801524335,Open
2025-11-25,Tuesday,165.80357361151346,Open
2025-11-26,Wednesday,165.80357361151346,Open
2025-11-27,Thursday,165.80357361151346,Open
2025-11-28,Friday,165.80357361151346,Open
2025-11-29,Saturday,,Closed
2025-11-30,Sunday,,Closed
2025-12-01,Monday,165.80357361151346,Open
2025-12-02,Tuesday,165.80357361151346,Open
2025-12-03,Wednesday,165.80357361151346,Open
2025-12-04,Thursday,165.80357361151346,Open
2025-12-05,Friday,165.80357361151346,Open
2025-12-06,Saturday,,Closed
2025-12-07,Sunday,,Closed
2025-12-08,Monday,165.80357361151346,Open
2025-12-09,Tuesday,165.80357361151346,Open
2025-12-10,Wednesday,165.80358801524335,Open
2025-12-11,Thursday,165.80358801524335,Open
2025-12-12,Friday,165.80357361151346,Open
2025-12-13,Saturday,,Closed
2025-12-14,Sunday,,Closed
2025-12-15,Monday,165.80357361151346,Open
2025-12-16,Tuesday,165.80358801524335,Open
2025-12-17,Wednesday,165.80357361151346,Open
2025-12-18,Thursday,165.80357361151346,Open
2025-12-19,Friday,165.80357361151346,Open
2025-12-20,Saturday,,Closed
2025-12-21,Sunday,,Closed
2025-12-22,Monday,165.80357361151346,Open
2025-12-23,Tuesday,165.80357361151346,Open
2025-12-24,Wednesday,165.80357361151346,Open
2025-12-25,Thursday,,Closed
2025-12-26,Friday,165.80358801524335,Open
2025-12-27,Saturday,,Closed
2025-12-28,Sunday,,Closed
2025-12-29,Monday,165.80357361151346,Open
2025-12-30,Tuesday,165.80357361151346,Open
2025-12-31,Wednesday,165.80357361151346,Open
