Date,Day,Predicted_Price,Market_Status
2025-01-01,Wednesday,8468.663097282166,Open
2025-01-02,Thursday,8046.834453318893,Open
2025-01-03,Friday,7411.4867206724475,Open
2025-01-04,Saturday,,Closed
2025-01-05,Sunday,,Closed
2025-01-06,Monday,6682.267203435985,Open
2025-01-07,Tuesday,5927.913030192936,Open
2025-01-08,Wednesday,5193.470552920917,Open
2025-01-09,Thursday,4505.8637846092315,Open
2025-01-10,Friday,3879.771907627933,Open
2025-01-11,Saturday,,Closed
2025-01-12,Sunday,,Closed
2025-01-13,Monday,3321.9446450484825,Open
2025-01-14,Tuesday,2833.9678887305977,Open
2025-01-15,Wednesday,2414.0118726918795,Open
2025-01-16,Thursday,2058.0152988109485,Open
2025-01-17,Friday,1760.5266960955796,Open
2025-01-18,Saturday,,Closed
2025-01-19,Sunday,,Closed
2025-01-20,Monday,1515.3474789172587,Open
2025-01-21,Tuesday,1316.0125946335947,Open
2025-01-22,Wednesday,1156.1484595359811,Open
2025-01-23,Thursday,1029.7212869993982,Open
2025-01-24,Friday,931.1976422499189,Open
2025-01-25,Saturday,,Closed
2025-01-26,Sunday,,Closed
2025-01-27,Monday,855.6321511958872,Open
2025-01-28,Tuesday,798.7004860490645,Open
2025-01-29,Wednesday,756.6916514660636,Open
2025-01-30,Thursday,726.4741436248937,Open
2025-01-31,Friday,705.4453582864605,Open
2025-02-01,Saturday,,Closed
2025-02-02,Sunday,,Closed
2025-02-03,Monday,691.4720746640446,Open
2025-02-04,Tuesday,682.8287122792187,Open
2025-02-05,Wednesday,678.1378471068849,Open
2025-02-06,Thursday,676.3128256316368,Open
2025-02-07,Friday,676.5084477938346,Open
2025-02-08,Saturday,,Closed
2025-02-09,Sunday,,Closed
2025-02-10,Monday,678.0754584516253,Open
2025-02-11,Tuesday,680.5227204259681,Open
2025-02-12,Wednesday,683.4843257061657,Open
2025-02-13,Thursday,686.6937104516649,Open
2025-02-14,Friday,689.9605456919194,Open
2025-02-15,Saturday,,Closed
2025-02-16,Sunday,,Closed
2025-02-17,Monday,693.1534699024044,Open
2025-02-18,Tuesday,696.185823207604,Open
2025-02-19,Wednesday,699.003834526472,Open
2025-02-20,Thursday,701.578714060513,Open
2025-02-21,Friday,703.8989071596582,Open
2025-02-22,Saturday,,Closed
2025-02-23,Sunday,,Closed
2025-02-24,Monday,705.9650593350846,Open
2025-02-25,Tuesday,707.7863045699471,Open
2025-02-26,Wednesday,709.3773282435232,Open
2025-02-27,Thursday,710.755655984269,Open
2025-02-28,Friday,711.9406854030542,Open
2025-03-01,Saturday,,Closed
2025-03-02,Sunday,,Closed
2025-03-03,Monday,712.9518463863074,Open
2025-03-04,Tuesday,713.8086333715746,Open
2025-03-05,Wednesday,714.5295402540778,Open
2025-03-06,Thursday,715.131705355567,Open
2025-03-07,Friday,715.6311050776735,Open
2025-03-08,Saturday,,Closed
2025-03-09,Sunday,,Closed
2025-03-10,Monday,716.0420374929686,Open
2025-03-11,Tuesday,716.3774128249927,Open
2025-03-12,Wednesday,716.6488825504912,Open
2025-03-13,Thursday,716.8663229904726,Open
2025-03-14,Friday,,Closed
2025-03-15,Saturday,,Closed
2025-03-16,Sunday,,Closed
2025-03-17,Monday,717.0386744747386,Open
2025-03-18,Tuesday,717.173618586296,Open
2025-03-19,Wednesday,717.2775458857973,Open
2025-03-20,Thursday,717.3563628005122,Open
2025-03-21,Friday,717.4148461131508,Open
2025-03-22,Saturday,,Closed
2025-03-23,Sunday,,Closed
2025-03-24,Monday,717.4569334418929,Open
2025-03-25,Tuesday,717.4858523426237,Open
2025-03-26,Wednesday,717.5047012689929,Open
2025-03-27,Thursday,717.5156426834435,Open
2025-03-28,Friday,717.5205485683889,Open
2025-03-29,Saturday,,Closed
2025-03-30,Sunday,,Closed
2025-03-31,Monday,717.5213231818013,Open
2025-04-01,Tuesday,717.5186443104167,Open
2025-04-02,Wednesday,717.5137384254713,Open
2025-04-03,Thursday,717.5076706204072,Open
2025-04-04,Friday,717.5006022730188,Open
2025-04-05,Saturday,,Closed
2025-04-06,Sunday,,Closed
2025-04-07,Monday,717.4933402722772,Open
2025-04-08,Tuesday,717.4859168937414,Open
2025-04-09,Wednesday,717.4785903418822,Open
2025-04-10,Thursday,,Closed
2025-04-11,Friday,717.4717801989646,Open
2025-04-12,Saturday,,Closed
2025-04-13,Sunday,,Closed
2025-04-14,Monday,,Closed
2025-04-15,Tuesday,717.4654541894297,Open
2025-04-16,Wednesday,717.4596445888365,Open
2025-04-17,Thursday,717.4544482238614,Open
2025-04-18,Friday,717.4498650945045,Open
2025-04-19,Saturday,,Closed
2025-04-20,Sunday,,Closed
2025-04-21,Monday,717.4457338229715,Open
2025-04-22,Tuesday,717.4420544092625,Open
2025-04-23,Wednesday,717.4391496089659,Open
2025-04-24,Thursday,717.4364707375812,Open
2025-04-25,Friday,717.4342437240205,Open
2025-04-26,Saturday,,Closed
2025-04-27,Sunday,,Closed
2025-04-28,Monday,717.4325331194013,Open
2025-04-29,Tuesday,717.4308870658999,Open
2025-04-30,Wednesday,717.4295960435459,Open
2025-05-01,Thursday,,Closed
2025-05-02,Friday,717.4286600523392,Open
2025-05-03,Saturday,,Closed
2025-05-04,Sunday,,Closed
2025-05-05,Monday,717.4277563366913,Open
2025-05-06,Tuesday,717.427175376632,Open
2025-05-07,Wednesday,717.4265944165727,Open
2025-05-08,Thursday,717.4263684876607,Open
2025-05-09,Friday,717.4259489053957,Open
2025-05-10,Saturday,,Closed
2025-05-11,Sunday,,Closed
2025-05-12,Monday,717.425884354278,Open
2025-05-13,Tuesday,717.4257552520426,Open
2025-05-14,Wednesday,717.425658425366,Open
2025-05-15,Thursday,717.4255293231306,Open
2025-05-16,Friday,717.4255938742483,Open
2025-05-17,Saturday,,Closed
2025-05-18,Sunday,,Closed
2025-05-19,Monday,717.4256907009249,Open
2025-05-20,Tuesday,717.4256907009249,Open
2025-05-21,Wednesday,717.425658425366,Open
2025-05-22,Thursday,717.425658425366,Open
2025-05-23,Friday,717.4257229764837,Open
2025-05-24,Saturday,,Closed
2025-05-25,Sunday,,Closed
2025-05-26,Monday,717.4257552520426,Open
2025-05-27,Tuesday,717.4257552520426,Open
2025-05-28,Wednesday,717.4258520787191,Open
2025-05-29,Thursday,717.4258520787191,Open
2025-05-30,Friday,717.4259489053957,Open
2025-05-31,Saturday,,Closed
2025-06-01,Sunday,,Closed
2025-06-02,Monday,717.4259489053957,Open
2025-06-03,Tuesday,717.4259489053957,Open
2025-06-04,Wednesday,717.4259811809545,Open
2025-06-05,Thursday,717.4259811809545,Open
2025-06-06,Friday,717.4260134565134,Open
2025-06-07,Saturday,,Closed
2025-06-08,Sunday,,Closed
2025-06-09,Monday,717.4260134565134,Open
2025-06-10,Tuesday,717.4260134565134,Open
2025-06-11,Wednesday,717.4261102831899,Open
2025-06-12,Thursday,717.4261102831899,Open
2025-06-13,Friday,717.4260780076311,Open
2025-06-14,Saturday,,Closed
2025-06-15,Sunday,,Closed
2025-06-16,Monday,717.4260780076311,Open
2025-06-17,Tuesday,717.4260780076311,Open
2025-06-18,Wednesday,717.4260780076311,Open
2025-06-19,Thursday,717.4260780076311,Open
2025-06-20,Friday,717.4261102831899,Open
2025-06-21,Saturday,,Closed
2025-06-22,Sunday,,Closed
2025-06-23,Monday,717.4261102831899,Open
2025-06-24,Tuesday,717.4260457320722,Open
2025-06-25,Wednesday,717.4261425587488,Open
2025-06-26,Thursday,717.4261425587488,Open
2025-06-27,Friday,717.4261102831899,Open
2025-06-28,Saturday,,Closed
2025-06-29,Sunday,,Closed
2025-06-30,Monday,717.4260780076311,Open
2025-07-01,Tuesday,717.4261102831899,Open
2025-07-02,Wednesday,717.4262071098665,Open
2025-07-03,Thursday,717.4261102831899,Open
2025-07-04,Friday,717.4261102831899,Open
2025-07-05,Saturday,,Closed
2025-07-06,Sunday,,Closed
2025-07-07,Monday,717.4261748343076,Open
2025-07-08,Tuesday,717.4261102831899,Open
2025-07-09,Wednesday,717.4261748343076,Open
2025-07-10,Thursday,717.4261425587488,Open
2025-07-11,Friday,717.4262071098665,Open
2025-07-12,Saturday,,Closed
2025-07-13,Sunday,,Closed
2025-07-14,Monday,717.4261425587488,Open
2025-07-15,Tuesday,717.4261425587488,Open
2025-07-16,Wednesday,717.4260780076311,Open
2025-07-17,Thursday,717.4261102831899,Open
2025-07-18,Friday,717.4261748343076,Open
2025-07-19,Saturday,,Closed
2025-07-20,Sunday,,Closed
2025-07-21,Monday,717.4261748343076,Open
2025-07-22,Tuesday,717.4261425587488,Open
2025-07-23,Wednesday,717.4261425587488,Open
2025-07-24,Thursday,717.4261425587488,Open
2025-07-25,Friday,717.4261425587488,Open
2025-07-26,Saturday,,Closed
2025-07-27,Sunday,,Closed
2025-07-28,Monday,717.4261425587488,Open
2025-07-29,Tuesday,717.4261425587488,Open
2025-07-30,Wednesday,717.4261425587488,Open
2025-07-31,Thursday,717.4261102831899,Open
2025-08-01,Friday,717.4261748343076,Open
2025-08-02,Saturday,,Closed
2025-08-03,Sunday,,Closed
2025-08-04,Monday,717.4261425587488,Open
2025-08-05,Tuesday,717.4261748343076,Open
2025-08-06,Wednesday,717.4261748343076,Open
2025-08-07,Thursday,717.4261425587488,Open
2025-08-08,Friday,717.4261425587488,Open
2025-08-09,Saturday,,Closed
2025-08-10,Sunday,,Closed
2025-08-11,Monday,717.4261425587488,Open
2025-08-12,Tuesday,717.4261425587488,Open
2025-08-13,Wednesday,717.4261425587488,Open
2025-08-14,Thursday,717.4261425587488,Open
2025-08-15,Friday,,Closed
2025-08-16,Saturday,,Closed
2025-08-17,Sunday,,Closed
2025-08-18,Monday,717.4261425587488,Open
2025-08-19,Tuesday,717.4261748343076,Open
2025-08-20,Wednesday,717.4262071098665,Open
2025-08-21,Thursday,717.4261748343076,Open
2025-08-22,Friday,717.4261748343076,Open
2025-08-23,Saturday,,Closed
2025-08-24,Sunday,,Closed
2025-08-25,Monday,717.4261748343076,Open
2025-08-26,Tuesday,717.4261748343076,Open
2025-08-27,Wednesday,717.4261748343076,Open
2025-08-28,Thursday,717.4261425587488,Open
2025-08-29,Friday,717.4261748343076,Open
2025-08-30,Saturday,,Closed
2025-08-31,Sunday,,Closed
2025-09-01,Monday,717.4261425587488,Open
2025-09-02,Tuesday,717.4261748343076,Open
2025-09-03,Wednesday,717.4262071098665,Open
2025-09-04,Thursday,717.4261425587488,Open
2025-09-05,Friday,717.4261425587488,Open
2025-09-06,Saturday,,Closed
2025-09-07,Sunday,,Closed
2025-09-08,Monday,717.4261425587488,Open
2025-09-09,Tuesday,717.4261748343076,Open
2025-09-10,Wednesday,717.4261425587488,Open
2025-09-11,Thursday,717.4261425587488,Open
2025-09-12,Friday,717.4261748343076,Open
2025-09-13,Saturday,,Closed
2025-09-14,Sunday,,Closed
2025-09-15,Monday,717.4261748343076,Open
2025-09-16,Tuesday,717.4262071098665,Open
2025-09-17,Wednesday,717.4261425587488,Open
2025-09-18,Thursday,717.4261425587488,Open
2025-09-19,Friday,717.4261425587488,Open
2025-09-20,Saturday,,Closed
2025-09-21,Sunday,,Closed
2025-09-22,Monday,717.4261425587488,Open
2025-09-23,Tuesday,717.4262071098665,Open
2025-09-24,Wednesday,717.4262071098665,Open
2025-09-25,Thursday,717.4262071098665,Open
2025-09-26,Friday,717.4262071098665,Open
2025-09-27,Saturday,,Closed
2025-09-28,Sunday,,Closed
2025-09-29,Monday,717.4261748343076,Open
2025-09-30,Tuesday,717.4261425587488,Open
2025-10-01,Wednesday,717.4261425587488,Open
2025-10-02,Thursday,,Closed
2025-10-03,Friday,717.4261425587488,Open
2025-10-04,Saturday,,Closed
2025-10-05,Sunday,,Closed
2025-10-06,Monday,717.4261425587488,Open
2025-10-07,Tuesday,717.4261102831899,Open
2025-10-08,Wednesday,717.4261425587488,Open
2025-10-09,Thursday,717.4261425587488,Open
2025-10-10,Friday,717.4261748343076,Open
2025-10-11,Saturday,,Closed
2025-10-12,Sunday,,Closed
2025-10-13,Monday,717.4261425587488,Open
2025-10-14,Tuesday,717.4261425587488,Open
2025-10-15,Wednesday,717.4261425587488,Open
2025-10-16,Thursday,717.4262071098665,Open
2025-10-17,Friday,717.4261425587488,Open
2025-10-18,Saturday,,Closed
2025-10-19,Sunday,,Closed
2025-10-20,Monday,,Closed
2025-10-21,Tuesday,717.4262071098665,Open
2025-10-22,Wednesday,717.4261425587488,Open
2025-10-23,Thursday,717.4261748343076,Open
2025-10-24,Friday,717.4261425587488,Open
2025-10-25,Saturday,,Closed
2025-10-26,Sunday,,Closed
2025-10-27,Monday,717.4261102831899,Open
2025-10-28,Tuesday,717.4261748343076,Open
2025-10-29,Wednesday,717.4261425587488,Open
2025-10-30,Thursday,717.4261425587488,Open
2025-10-31,Friday,717.4261425587488,Open
2025-11-01,Saturday,,Closed
2025-11-02,Sunday,,Closed
2025-11-03,Monday,717.4261425587488,Open
2025-11-04,Tuesday,717.4261425587488,Open
2025-11-05,Wednesday,717.4261425587488,Open
2025-11-06,Thursday,717.4261748343076,Open
2025-11-07,Friday,717.4261748343076,Open
2025-11-08,Saturday,,Closed
2025-11-09,Sunday,,Closed
2025-11-10,Monday,717.4261425587488,Open
2025-11-11,Tuesday,717.4261425587488,Open
2025-11-12,Wednesday,717.4261425587488,Open
2025-11-13,Thursday,717.4261748343076,Open
2025-11-14,Friday,717.4261425587488,Open
2025-11-15,Saturday,,Closed
2025-11-16,Sunday,,Closed
2025-11-17,Monday,717.4261748343076,Open
2025-11-18,Tuesday,717.4261425587488,Open
2025-11-19,Wednesday,717.4261102831899,Open
2025-11-20,Thursday,717.4261425587488,Open
2025-11-21,Friday,717.4261748343076,Open
2025-11-22,Saturday,,Closed
2025-11-23,Sunday,,Closed
2025-11-24,Monday,717.4261748343076,Open
2025-11-25,Tuesday,717.4261425587488,Open
2025-11-26,Wednesday,717.4261425587488,Open
2025-11-27,Thursday,717.4261425587488,Open
2025-11-28,Friday,717.4261425587488,Open
2025-11-29,Saturday,,Closed
2025-11-30,Sunday,,Closed
2025-12-01,Monday,717.4261425587488,Open
2025-12-02,Tuesday,717.4261425587488,Open
2025-12-03,Wednesday,717.4262393854253,Open
2025-12-04,Thursday,717.4261748343076,Open
2025-12-05,Friday,717.4261748343076,Open
2025-12-06,Saturday,,Closed
2025-12-07,Sunday,,Closed
2025-12-08,Monday,717.4261425587488,Open
2025-12-09,Tuesday,717.4261425587488,Open
2025-12-10,Wednesday,717.4261425587488,Open
2025-12-11,Thursday,717.4261425587488,Open
2025-12-12,Friday,717.4262071098665,Open
2025-12-13,Saturday,,Closed
2025-12-14,Sunday,,Closed
2025-12-15,Monday,717.4261425587488,Open
2025-12-16,Tuesday,717.4262071098665,Open
2025-12-17,Wednesday,717.4261748343076,Open
2025-12-18,Thursday,717.4261102831899,Open
2025-12-19,Friday,717.4261748343076,Open
2025-12-20,Saturday,,Closed
2025-12-21,Sunday,,Closed
2025-12-22,Monday,717.4261425587488,Open
2025-12-23,Tuesday,717.4261425587488,Open
2025-12-24,Wednesday,717.4261425587488,Open
2025-12-25,Thursday,,Closed
2025-12-26,Friday,717.4261425587488,Open
2025-12-27,Saturday,,Closed
2025-12-28,Sunday,,Closed
2025-12-29,Monday,717.4261748343076,Open
2025-12-30,Tuesday,717.4261425587488,Open
2025-12-31,Wednesday,717.4261425587488,Open
