Date,Day,Predicted_Price,Market_Status
2025-01-01,Wednesday,1357.3564199286411,Open
2025-01-02,Thursday,1307.8827440902169,Open
2025-01-03,Friday,1220.8462530706238,Open
2025-01-04,Saturday,,Closed
2025-01-05,Sunday,,Closed
2025-01-06,Monday,1110.90239432015,Open
2025-01-07,Tuesday,993.5006150157532,Open
2025-01-08,Wednesday,879.0487769086793,Open
2025-01-09,Thursday,773.8424651210879,Open
2025-01-10,Friday,681.1567441287315,Open
2025-01-11,Saturday,,Closed
2025-01-12,Sunday,,Closed
2025-01-13,Monday,602.1744237621168,Open
2025-01-14,Tuesday,536.7067580422698,Open
2025-01-15,Wednesday,483.7305611467745,Open
2025-01-16,Thursday,441.7801713340377,Open
2025-01-17,Friday,409.2229524180566,Open
2025-01-18,Saturday,,Closed
2025-01-19,Sunday,,Closed
2025-01-20,Monday,384.4412997279305,Open
2025-01-21,Tuesday,365.94216542412005,Open
2025-01-22,Wednesday,352.41308332059816,Open
2025-01-23,Thursday,342.74153690304047,Open
2025-01-24,Friday,336.0108580905676,Open
2025-01-25,Saturday,,Closed
2025-01-26,Sunday,,Closed
2025-01-27,Monday,331.4830656201525,Open
2025-01-28,Tuesday,328.57568828158355,Open
2025-01-29,Wednesday,326.83689678905284,Open
2025-01-30,Thursday,325.92176110882474,Open
2025-01-31,Friday,325.5711211340731,Open
2025-02-01,Saturday,,Closed
2025-02-02,Sunday,,Closed
2025-02-03,Monday,325.5932423866284,Open
2025-02-04,Tuesday,325.84879086038427,Open
2025-02-05,Wednesday,326.2383576267839,Open
2025-02-06,Thursday,326.69278754274274,Open
2025-02-07,Friday,327.1652692655439,Open
2025-02-08,Saturday,,Closed
2025-02-09,Sunday,,Closed
2025-02-10,Monday,327.62549178313475,Open
2025-02-11,Tuesday,328.05495819304815,Open
2025-02-12,Wednesday,328.4435393905642,Open
2025-02-13,Thursday,328.7868861555771,Open
2025-02-14,Friday,329.0844834488639,Open
2025-02-15,Saturday,,Closed
2025-02-16,Sunday,,Closed
2025-02-17,Monday,329.33824518161146,Open
2025-02-18,Tuesday,329.5515731560954,Open
2025-02-19,Wednesday,329.7285813275912,Open
2025-02-20,Thursday,329.87368250129384,Open
2025-02-21,Friday,329.99120046327334,Open
2025-02-22,Saturday,,Closed
2025-02-23,Sunday,,Closed
2025-02-24,Monday,330.0852809613498,Open
2025-02-25,Tuesday,330.15968823280764,Open
2025-02-26,Wednesday,330.2177541363244,Open
2025-02-27,Thursday,330.26242902004196,Open
2025-02-28,Friday,330.2962562875309,Open
2025-03-01,Saturday,,Closed
2025-03-02,Sunday,,Closed
2025-03-03,Monday,330.32139147331736,Open
2025-03-04,Tuesday,330.3396213184096,Open
2025-03-05,Wednesday,330.35244007240544,Open
2025-03-06,Thursday,330.3610876445455,Open
2025-03-07,Friday,330.3665432452044,Open
2025-03-08,Saturday,,Closed
2025-03-09,Sunday,,Closed
2025-03-10,Monday,330.3696334805427,Open
2025-03-11,Tuesday,330.37096876741725,Open
2025-03-12,Wednesday,330.37106414505115,Open
2025-03-13,Thursday,330.37029476547104,Open
2025-03-14,Friday,,Closed
2025-03-15,Saturday,,Closed
2025-03-16,Sunday,,Closed
2025-03-17,Monday,330.3689594785965,Open
2025-03-18,Tuesday,330.3673062662756,Open
2025-03-19,Wednesday,330.365455940178,Open
2025-03-20,Thursday,330.36358018004466,Open
2025-03-21,Friday,330.36170441991135,Open
2025-03-22,Saturday,,Closed
2025-03-23,Sunday,,Closed
2025-03-24,Monday,330.3599431129387,Open
2025-03-25,Tuesday,330.35827718359997,Open
2025-03-26,Wednesday,330.35676385847546,Open
2025-03-27,Thursday,330.35539677905626,Open
2025-03-28,Friday,330.3541823038513,Open
2025-03-29,Saturday,,Closed
2025-03-30,Sunday,,Closed
2025-03-31,Monday,330.3531013573338,Open
2025-04-01,Tuesday,330.3521602980127,Open
2025-04-02,Wednesday,330.3513464088701,Open
2025-04-03,Thursday,330.35064697288817,Open
2025-04-04,Friday,330.3500492730491,Open
2025-04-05,Saturday,,Closed
2025-04-06,Sunday,,Closed
2025-04-07,Monday,330.34953423382603,Open
2025-04-08,Tuesday,330.34908277969225,Open
2025-04-09,Wednesday,330.34872670319237,Open
2025-04-10,Thursday,,Closed
2025-04-11,Friday,330.34841513625497,Open
2025-04-12,Saturday,,Closed
2025-04-13,Sunday,,Closed
2025-04-14,Monday,,Closed
2025-04-15,Tuesday,330.348154437389,Open
2025-04-16,Wednesday,330.34793188957656,Open
2025-04-17,Thursday,330.34774113430876,Open
2025-04-18,Friday,330.3476012471124,Open
2025-04-19,Saturday,,Closed
2025-04-20,Sunday,,Closed
2025-04-21,Monday,330.34745500140707,Open
2025-04-22,Tuesday,330.3473596237732,Open
2025-04-23,Wednesday,330.3472769631571,Open
2025-04-24,Thursday,330.34720066105,Open
2025-04-25,Friday,330.3471243589429,Open
2025-04-26,Saturday,,Closed
2025-04-27,Sunday,,Closed
2025-04-28,Monday,330.3470798493804,Open
2025-04-29,Tuesday,330.3470353398179,Open
2025-04-30,Wednesday,330.3470099057822,Open
2025-05-01,Thursday,,Closed
2025-05-02,Friday,330.34697175472866,Open
2025-05-03,Saturday,,Closed
2025-05-04,Sunday,,Closed
2025-05-05,Monday,330.3469526792019,Open
2025-05-06,Tuesday,330.3469336036751,Open
2025-05-07,Wednesday,330.3469081696394,Open
2025-05-08,Thursday,330.3468890941126,Open
2025-05-09,Friday,330.3468827356037,Open
2025-05-10,Saturday,,Closed
2025-05-11,Sunday,,Closed
2025-05-12,Monday,330.34687637709476,Open
2025-05-13,Tuesday,330.34687001858583,Open
2025-05-14,Wednesday,330.346857301568,Open
2025-05-15,Thursday,330.3468445845501,Open
2025-05-16,Friday,330.3468382260412,Open
2025-05-17,Saturday,,Closed
2025-05-18,Sunday,,Closed
2025-05-19,Monday,330.3468318675323,Open
2025-05-20,Tuesday,330.3468318675323,Open
2025-05-21,Wednesday,330.34682550902335,Open
2025-05-22,Thursday,330.3468191505144,Open
2025-05-23,Friday,330.34680643349657,Open
2025-05-24,Saturday,,Closed
2025-05-25,Sunday,,Closed
2025-05-26,Monday,330.34680643349657,Open
2025-05-27,Tuesday,330.34680643349657,Open
2025-05-28,Wednesday,330.34680643349657,Open
2025-05-29,Thursday,330.3468127920055,Open
2025-05-30,Friday,330.34680643349657,Open
2025-05-31,Saturday,,Closed
2025-06-01,Sunday,,Closed
2025-06-02,Monday,330.3468127920055,Open
2025-06-03,Tuesday,330.34680643349657,Open
2025-06-04,Wednesday,330.34680643349657,Open
2025-06-05,Thursday,330.34680643349657,Open
2025-06-06,Friday,330.34680643349657,Open
2025-06-07,Saturday,,Closed
2025-06-08,Sunday,,Closed
2025-06-09,Monday,330.3468127920055,Open
2025-06-10,Tuesday,330.34680643349657,Open
2025-06-11,Wednesday,330.34680643349657,Open
2025-06-12,Thursday,330.34680643349657,Open
2025-06-13,Friday,330.34680643349657,Open
2025-06-14,Saturday,,Closed
2025-06-15,Sunday,,Closed
2025-06-16,Monday,330.34680643349657,Open
2025-06-17,Tuesday,330.3468191505144,Open
2025-06-18,Wednesday,330.34680007498764,Open
2025-06-19,Thursday,330.3467937164787,Open
2025-06-20,Friday,330.34680643349657,Open
2025-06-21,Saturday,,Closed
2025-06-22,Sunday,,Closed
2025-06-23,Monday,330.34680643349657,Open
2025-06-24,Tuesday,330.34680643349657,Open
2025-06-25,Wednesday,330.34680643349657,Open
2025-06-26,Thursday,330.34680643349657,Open
2025-06-27,Friday,330.34680643349657,Open
2025-06-28,Saturday,,Closed
2025-06-29,Sunday,,Closed
2025-06-30,Monday,330.34680643349657,Open
2025-07-01,Tuesday,330.34680643349657,Open
2025-07-02,Wednesday,330.34680007498764,Open
2025-07-03,Thursday,330.34680643349657,Open
2025-07-04,Friday,330.34680643349657,Open
2025-07-05,Saturday,,Closed
2025-07-06,Sunday,,Closed
2025-07-07,Monday,330.34680643349657,Open
2025-07-08,Tuesday,330.34680643349657,Open
2025-07-09,Wednesday,330.34680643349657,Open
2025-07-10,Thursday,330.34680643349657,Open
2025-07-11,Friday,330.34680643349657,Open
2025-07-12,Saturday,,Closed
2025-07-13,Sunday,,Closed
2025-07-14,Monday,330.34680643349657,Open
2025-07-15,Tuesday,330.34680643349657,Open
2025-07-16,Wednesday,330.34680643349657,Open
2025-07-17,Thursday,330.34680643349657,Open
2025-07-18,Friday,330.3468127920055,Open
2025-07-19,Saturday,,Closed
2025-07-20,Sunday,,Closed
2025-07-21,Monday,330.34680643349657,Open
2025-07-22,Tuesday,330.34680643349657,Open
2025-07-23,Wednesday,330.34680643349657,Open
2025-07-24,Thursday,330.34680643349657,Open
2025-07-25,Friday,330.34680643349657,Open
2025-07-26,Saturday,,Closed
2025-07-27,Sunday,,Closed
2025-07-28,Monday,330.34680643349657,Open
2025-07-29,Tuesday,330.34680643349657,Open
2025-07-30,Wednesday,330.34680643349657,Open
2025-07-31,Thursday,330.34680643349657,Open
2025-08-01,Friday,330.34680643349657,Open
2025-08-02,Saturday,,Closed
2025-08-03,Sunday,,Closed
2025-08-04,Monday,330.34680643349657,Open
2025-08-05,Tuesday,330.34680007498764,Open
2025-08-06,Wednesday,330.34680643349657,Open
2025-08-07,Thursday,330.34680643349657,Open
2025-08-08,Friday,330.34680643349657,Open
2025-08-09,Saturday,,Closed
2025-08-10,Sunday,,Closed
2025-08-11,Monday,330.34680643349657,Open
2025-08-12,Tuesday,330.34680643349657,Open
2025-08-13,Wednesday,330.34680643349657,Open
2025-08-14,Thursday,330.3468127920055,Open
2025-08-15,Friday,,Closed
2025-08-16,Saturday,,Closed
2025-08-17,Sunday,,Closed
2025-08-18,Monday,330.34680643349657,Open
2025-08-19,Tuesday,330.34680643349657,Open
2025-08-20,Wednesday,330.34680643349657,Open
2025-08-21,Thursday,330.34680643349657,Open
2025-08-22,Friday,330.34680643349657,Open
2025-08-23,Saturday,,Closed
2025-08-24,Sunday,,Closed
2025-08-25,Monday,330.34680643349657,Open
2025-08-26,Tuesday,330.34680643349657,Open
2025-08-27,Wednesday,330.3467937164787,Open
2025-08-28,Thursday,330.34680643349657,Open
2025-08-29,Friday,330.34680643349657,Open
2025-08-30,Saturday,,Closed
2025-08-31,Sunday,,Closed
2025-09-01,Monday,330.34680643349657,Open
2025-09-02,Tuesday,330.34680643349657,Open
2025-09-03,Wednesday,330.34680643349657,Open
2025-09-04,Thursday,330.34680643349657,Open
2025-09-05,Friday,330.34680643349657,Open
2025-09-06,Saturday,,Closed
2025-09-07,Sunday,,Closed
2025-09-08,Monday,330.34680643349657,Open
2025-09-09,Tuesday,330.34680643349657,Open
2025-09-10,Wednesday,330.3468127920055,Open
2025-09-11,Thursday,330.34680643349657,Open
2025-09-12,Friday,330.34680643349657,Open
2025-09-13,Saturday,,Closed
2025-09-14,Sunday,,Closed
2025-09-15,Monday,330.34680643349657,Open
2025-09-16,Tuesday,330.3468127920055,Open
2025-09-17,Wednesday,330.34680643349657,Open
2025-09-18,Thursday,330.34680643349657,Open
2025-09-19,Friday,330.34680643349657,Open
2025-09-20,Saturday,,Closed
2025-09-21,Sunday,,Closed
2025-09-22,Monday,330.34680643349657,Open
2025-09-23,Tuesday,330.34680643349657,Open
2025-09-24,Wednesday,330.3468127920055,Open
2025-09-25,Thursday,330.34680643349657,Open
2025-09-26,Friday,330.34680643349657,Open
2025-09-27,Saturday,,Closed
2025-09-28,Sunday,,Closed
2025-09-29,Monday,330.34680643349657,Open
2025-09-30,Tuesday,330.34680643349657,Open
2025-10-01,Wednesday,330.34680643349657,Open
2025-10-02,Thursday,,Closed
2025-10-03,Friday,330.34680643349657,Open
2025-10-04,Saturday,,Closed
2025-10-05,Sunday,,Closed
2025-10-06,Monday,330.34680643349657,Open
2025-10-07,Tuesday,330.34680643349657,Open
2025-10-08,Wednesday,330.34680643349657,Open
2025-10-09,Thursday,330.34680643349657,Open
2025-10-10,Friday,330.34680643349657,Open
2025-10-11,Saturday,,Closed
2025-10-12,Sunday,,Closed
2025-10-13,Monday,330.34680643349657,Open
2025-10-14,Tuesday,330.34680643349657,Open
2025-10-15,Wednesday,330.34680643349657,Open
2025-10-16,Thursday,330.34680643349657,Open
2025-10-17,Friday,330.34680643349657,Open
2025-10-18,Saturday,,Closed
2025-10-19,Sunday,,Closed
2025-10-20,Monday,,Closed
2025-10-21,Tuesday,330.34680643349657,Open
2025-10-22,Wednesday,330.34680643349657,Open
2025-10-23,Thursday,330.34680643349657,Open
2025-10-24,Friday,330.34680643349657,Open
2025-10-25,Saturday,,Closed
2025-10-26,Sunday,,Closed
2025-10-27,Monday,330.34680643349657,Open
2025-10-28,Tuesday,330.34680643349657,Open
2025-10-29,Wednesday,330.34680643349657,Open
2025-10-30,Thursday,330.34680643349657,Open
2025-10-31,Friday,330.34680643349657,Open
2025-11-01,Saturday,,Closed
2025-11-02,Sunday,,Closed
2025-11-03,Monday,330.3468127920055,Open
2025-11-04,Tuesday,330.34680643349657,Open
2025-11-05,Wednesday,330.34680643349657,Open
2025-11-06,Thursday,330.34680643349657,Open
2025-11-07,Friday,330.34680643349657,Open
2025-11-08,Saturday,,Closed
2025-11-09,Sunday,,Closed
2025-11-10,Monday,330.34680643349657,Open
2025-11-11,Tuesday,330.34680643349657,Open
2025-11-12,Wednesday,330.34680643349657,Open
2025-11-13,Thursday,330.34680643349657,Open
2025-11-14,Friday,330.34680643349657,Open
2025-11-15,Saturday,,Closed
2025-11-16,Sunday,,Closed
2025-11-17,Monday,330.34680643349657,Open
2025-11-18,Tuesday,330.34680643349657,Open
2025-11-19,Wednesday,330.34680643349657,Open
2025-11-20,Thursday,330.34680643349657,Open
2025-11-21,Friday,330.34680643349657,Open
2025-11-22,Saturday,,Closed
2025-11-23,Sunday,,Closed
2025-11-24,Monday,330.34680643349657,Open
2025-11-25,Tuesday,330.34680643349657,Open
2025-11-26,Wednesday,330.34680643349657,Open
2025-11-27,Thursday,330.34680007498764,Open
2025-11-28,Friday,330.34680643349657,Open
2025-11-29,Saturday,,Closed
2025-11-30,Sunday,,Closed
2025-12-01,Monday,330.34680643349657,Open
2025-12-02,Tuesday,330.34680643349657,Open
2025-12-03,Wednesday,330.34680643349657,Open
2025-12-04,Thursday,330.34680643349657,Open
2025-12-05,Friday,330.34680643349657,Open
2025-12-06,Saturday,,Closed
2025-12-07,Sunday,,Closed
2025-12-08,Monday,330.34680643349657,Open
2025-12-09,Tuesday,330.34680643349657,Open
2025-12-10,Wednesday,330.34680643349657,Open
2025-12-11,Thursday,330.34680643349657,Open
2025-12-12,Friday,330.34680643349657,Open
2025-12-13,Saturday,,Closed
2025-12-14,Sunday,,Closed
2025-12-15,Monday,330.34680643349657,Open
2025-12-16,Tuesday,330.34680643349657,Open
2025-12-17,Wednesday,330.34680643349657,Open
2025-12-18,Thursday,330.34680643349657,Open
2025-12-19,Friday,330.34680643349657,Open
2025-12-20,Saturday,,Closed
2025-12-21,Sunday,,Closed
2025-12-22,Monday,330.34680643349657,Open
2025-12-23,Tuesday,330.34680643349657,Open
2025-12-24,Wednesday,330.34680643349657,Open
2025-12-25,Thursday,,Closed
2025-12-26,Friday,330.34680643349657,Open
2025-12-27,Saturday,,Closed
2025-12-28,Sunday,,Closed
2025-12-29,Monday,330.34680643349657,Open
2025-12-30,Tuesday,330.34680643349657,Open
2025-12-31,Wednesday,330.34680643349657,Open
