Date,Day,Predicted_Price,Market_Status
2025-01-01,Wednesday,1810.444353216153,Open
2025-01-02,Thursday,1742.859543936138,Open
2025-01-03,Friday,1639.3305508070625,Open
2025-01-04,Saturday,,Closed
2025-01-05,Sunday,,Closed
2025-01-06,Monday,1517.5580952040764,Open
2025-01-07,Tuesday,1389.0173490531015,Open
2025-01-08,Wednesday,1262.1561313790517,Open
2025-01-09,Thursday,1142.6711836652066,Open
2025-01-10,Friday,1033.9881033408165,Open
2025-01-11,Saturday,,Closed
2025-01-12,Sunday,,Closed
2025-01-13,Monday,937.8046057446409,Open
2025-01-14,Tuesday,854.5824809078476,Open
2025-01-15,Wednesday,783.9471836495977,Open
2025-01-16,Thursday,725.001003524867,Open
2025-01-17,Friday,676.5570850286986,Open
2025-01-18,Saturday,,Closed
2025-01-19,Sunday,,Closed
2025-01-20,Monday,637.3087520544777,Open
2025-01-21,Tuesday,605.9455088205505,Open
2025-01-22,Wednesday,581.2264546755591,Open
2025-01-23,Thursday,562.0220997739079,Open
2025-01-24,Friday,547.3337374475352,Open
2025-01-25,Saturday,,Closed
2025-01-26,Sunday,,Closed
2025-01-27,Monday,536.2975216005043,Open
2025-01-28,Tuesday,528.1793177436452,Open
2025-01-29,Wednesday,522.3643887868138,Open
2025-01-30,Thursday,518.3444086863256,Open
2025-01-31,Friday,515.7038412884413,Open
2025-02-01,Saturday,,Closed
2025-02-02,Sunday,,Closed
2025-02-03,Monday,514.1066420005018,Open
2025-02-04,Tuesday,513.2838004416521,Open
2025-02-05,Wednesday,513.0223100460307,Open
2025-02-06,Thursday,513.1553041860343,Open
2025-02-07,Friday,513.5537331872183,Open
2025-02-08,Saturday,,Closed
2025-02-09,Sunday,,Closed
2025-02-10,Monday,514.1190559443794,Open
2025-02-11,Tuesday,514.7773259360542,Open
2025-02-12,Wednesday,515.4741779010305,Open
2025-02-13,Thursday,516.1706283660737,Open
2025-02-14,Friday,516.8397931126901,Open
2025-02-15,Saturday,,Closed
2025-02-16,Sunday,,Closed
2025-02-17,Monday,517.4640658262456,Open
2025-02-18,Tuesday,518.0328555895858,Open
2025-02-19,Wednesday,518.5409591806047,Open
2025-02-20,Thursday,518.9869496468373,Open
2025-02-21,Friday,519.3721617042775,Open
2025-02-22,Saturday,,Closed
2025-02-23,Sunday,,Closed
2025-02-24,Monday,519.6998724604873,Open
2025-02-25,Tuesday,519.9744550093328,Open
2025-02-26,Wednesday,520.2009986337498,Open
2025-02-27,Thursday,520.384880177437,Open
2025-02-28,Friday,520.5314710584184,Open
2025-03-01,Saturday,,Closed
2025-03-02,Sunday,,Closed
2025-03-03,Monday,520.6459744988001,Open
2025-03-04,Tuesday,520.7332573288522,Open
2025-03-05,Wednesday,520.7977794532371,Open
2025-03-06,Thursday,520.8435450199363,Open
2025-03-07,Friday,520.8741078459252,Open
2025-03-08,Saturday,,Closed
2025-03-09,Sunday,,Closed
2025-03-10,Monday,520.8925605658237,Open
2025-03-11,Tuesday,520.9015292062213,Open
2025-03-12,Wednesday,520.9032816991726,Open
2025-03-13,Thursday,520.8996844767989,Open
2025-03-14,Friday,,Closed
2025-03-15,Saturday,,Closed
2025-03-16,Sunday,,Closed
2025-03-17,Monday,520.8922621537113,Open
2025-03-18,Tuesday,520.882262635107,Open
2025-03-19,Wednesday,520.8706842451443,Open
2025-03-20,Thursday,520.8583082809901,Open
2025-03-21,Friday,520.8457098641702,Open
2025-03-22,Saturday,,Closed
2025-03-23,Sunday,,Closed
2025-03-24,Monday,520.8333230486664,Open
2025-03-25,Tuesday,520.8214679492903,Open
2025-03-26,Wednesday,520.8103561673579,Open
2025-03-27,Thursday,520.800112493389,Open
2025-03-28,Friday,520.7908074611555,Open
2025-03-29,Saturday,,Closed
2025-03-30,Sunday,,Closed
2025-03-31,Monday,520.7824736247062,Open
2025-04-01,Tuesday,520.7750892813419,Open
2025-04-02,Wednesday,520.7685893229655,Open
2025-04-03,Thursday,520.7629303441786,Open
2025-04-04,Friday,520.7580852166075,Open
2025-04-05,Saturday,,Closed
2025-04-06,Sunday,,Closed
2025-04-07,Monday,520.7539237240576,Open
2025-04-08,Tuesday,520.7503916097812,Open
2025-04-09,Wednesday,520.7474346170306,Open
2025-04-10,Thursday,,Closed
2025-04-11,Friday,520.7449496579852,Open
2025-04-12,Saturday,,Closed
2025-04-13,Sunday,,Closed
2025-04-14,Monday,,Closed
2025-04-15,Tuesday,520.7429096042711,Open
2025-04-16,Wednesday,520.7412059423928,Open
2025-04-17,Thursday,520.739822395326,Open
2025-04-18,Friday,520.7386992806482,Open
2025-04-19,Saturday,,Closed
2025-04-20,Sunday,,Closed
2025-04-21,Monday,520.7377986186361,Open
2025-04-22,Tuesday,520.737087855241,Open
2025-04-23,Wednesday,520.73651815939,Open
2025-04-24,Thursday,520.736067828384,Open
2025-04-25,Friday,520.7357205851986,Open
2025-04-26,Saturday,,Closed
2025-04-27,Sunday,,Closed
2025-04-28,Monday,520.7354384501105,Open
2025-04-29,Tuesday,520.7352322744691,Open
2025-04-30,Wednesday,520.7350640785512,Open
2025-05-01,Thursday,,Closed
2025-05-02,Friday,520.7349392880315,Open
2025-05-03,Saturday,,Closed
2025-05-04,Sunday,,Closed
2025-05-05,Monday,520.7348524772351,Open
2025-05-06,Tuesday,520.7347710921135,Open
2025-05-07,Wednesday,520.7347168353658,Open
2025-05-08,Thursday,520.7346734299676,Open
2025-05-09,Friday,520.7346245988947,Open
2025-05-10,Saturday,,Closed
2025-05-11,Sunday,,Closed
2025-05-12,Monday,520.7346083218704,Open
2025-05-13,Tuesday,520.7345757678218,Open
2025-05-14,Wednesday,520.7345486394479,Open
2025-05-15,Thursday,520.7345269367488,Open
2025-05-16,Friday,520.7345269367488,Open
2025-05-17,Saturday,,Closed
2025-05-18,Sunday,,Closed
2025-05-19,Monday,520.7344889570254,Open
2025-05-20,Tuesday,520.7344889570254,Open
2025-05-21,Wednesday,520.7344781056759,Open
2025-05-22,Thursday,520.7344618286515,Open
2025-05-23,Friday,520.7344618286515,Open
2025-05-24,Saturday,,Closed
2025-05-25,Sunday,,Closed
2025-05-26,Monday,520.7344401259525,Open
2025-05-27,Tuesday,520.7344238489281,Open
2025-05-28,Wednesday,520.7344075719038,Open
2025-05-29,Thursday,520.7343967205543,Open
2025-05-30,Friday,520.7343858692047,Open
2025-05-31,Saturday,,Closed
2025-06-01,Sunday,,Closed
2025-06-02,Monday,520.73438044353,Open
2025-06-03,Tuesday,520.7343750178552,Open
2025-06-04,Wednesday,520.7343695921804,Open
2025-06-05,Thursday,520.7343587408309,Open
2025-06-06,Friday,520.7343587408309,Open
2025-06-07,Saturday,,Closed
2025-06-08,Sunday,,Closed
2025-06-09,Monday,520.7343478894813,Open
2025-06-10,Tuesday,520.7343424638066,Open
2025-06-11,Wednesday,520.734331612457,Open
2025-06-12,Thursday,520.7343370381318,Open
2025-06-13,Friday,520.7343370381318,Open
2025-06-14,Saturday,,Closed
2025-06-15,Sunday,,Closed
2025-06-16,Monday,520.7343424638066,Open
2025-06-17,Tuesday,520.7343370381318,Open
2025-06-18,Wednesday,520.7343424638066,Open
2025-06-19,Thursday,520.7343370381318,Open
2025-06-20,Friday,520.734331612457,Open
2025-06-21,Saturday,,Closed
2025-06-22,Sunday,,Closed
2025-06-23,Monday,520.734331612457,Open
2025-06-24,Tuesday,520.734331612457,Open
2025-06-25,Wednesday,520.7343370381318,Open
2025-06-26,Thursday,520.7343370381318,Open
2025-06-27,Friday,520.734331612457,Open
2025-06-28,Saturday,,Closed
2025-06-29,Sunday,,Closed
2025-06-30,Monday,520.7343370381318,Open
2025-07-01,Tuesday,520.7343370381318,Open
2025-07-02,Wednesday,520.734331612457,Open
2025-07-03,Thursday,520.734331612457,Open
2025-07-04,Friday,520.734331612457,Open
2025-07-05,Saturday,,Closed
2025-07-06,Sunday,,Closed
2025-07-07,Monday,520.7343370381318,Open
2025-07-08,Tuesday,520.7343370381318,Open
2025-07-09,Wednesday,520.7343370381318,Open
2025-07-10,Thursday,520.7343370381318,Open
2025-07-11,Friday,520.7343370381318,Open
2025-07-12,Saturday,,Closed
2025-07-13,Sunday,,Closed
2025-07-14,Monday,520.7343370381318,Open
2025-07-15,Tuesday,520.7343370381318,Open
2025-07-16,Wednesday,520.7343370381318,Open
2025-07-17,Thursday,520.7343370381318,Open
2025-07-18,Friday,520.7343370381318,Open
2025-07-19,Saturday,,Closed
2025-07-20,Sunday,,Closed
2025-07-21,Monday,520.7343424638066,Open
2025-07-22,Tuesday,520.7343370381318,Open
2025-07-23,Wednesday,520.7343370381318,Open
2025-07-24,Thursday,520.7343370381318,Open
2025-07-25,Friday,520.7343478894813,Open
2025-07-26,Saturday,,Closed
2025-07-27,Sunday,,Closed
2025-07-28,Monday,520.734331612457,Open
2025-07-29,Tuesday,520.734331612457,Open
2025-07-30,Wednesday,520.734331612457,Open
2025-07-31,Thursday,520.734331612457,Open
2025-08-01,Friday,520.734331612457,Open
2025-08-02,Saturday,,Closed
2025-08-03,Sunday,,Closed
2025-08-04,Monday,520.734331612457,Open
2025-08-05,Tuesday,520.7343370381318,Open
2025-08-06,Wednesday,520.7343424638066,Open
2025-08-07,Thursday,520.7343424638066,Open
2025-08-08,Friday,520.7343370381318,Open
2025-08-09,Saturday,,Closed
2025-08-10,Sunday,,Closed
2025-08-11,Monday,520.734331612457,Open
2025-08-12,Tuesday,520.7343370381318,Open
2025-08-13,Wednesday,520.7343370381318,Open
2025-08-14,Thursday,520.7343370381318,Open
2025-08-15,Friday,,Closed
2025-08-16,Saturday,,Closed
2025-08-17,Sunday,,Closed
2025-08-18,Monday,520.7343370381318,Open
2025-08-19,Tuesday,520.7343370381318,Open
2025-08-20,Wednesday,520.7343424638066,Open
2025-08-21,Thursday,520.734331612457,Open
2025-08-22,Friday,520.7343424638066,Open
2025-08-23,Saturday,,Closed
2025-08-24,Sunday,,Closed
2025-08-25,Monday,520.7343370381318,Open
2025-08-26,Tuesday,520.7343424638066,Open
2025-08-27,Wednesday,520.7343370381318,Open
2025-08-28,Thursday,520.7343424638066,Open
2025-08-29,Friday,520.7343370381318,Open
2025-08-30,Saturday,,Closed
2025-08-31,Sunday,,Closed
2025-09-01,Monday,520.7343370381318,Open
2025-09-02,Tuesday,520.734331612457,Open
2025-09-03,Wednesday,520.7343424638066,Open
2025-09-04,Thursday,520.734331612457,Open
2025-09-05,Friday,520.7343370381318,Open
2025-09-06,Saturday,,Closed
2025-09-07,Sunday,,Closed
2025-09-08,Monday,520.734331612457,Open
2025-09-09,Tuesday,520.734331612457,Open
2025-09-10,Wednesday,520.7343424638066,Open
2025-09-11,Thursday,520.7343370381318,Open
2025-09-12,Friday,520.7343424638066,Open
2025-09-13,Saturday,,Closed
2025-09-14,Sunday,,Closed
2025-09-15,Monday,520.7343370381318,Open
2025-09-16,Tuesday,520.7343424638066,Open
2025-09-17,Wednesday,520.7343424638066,Open
2025-09-18,Thursday,520.7343424638066,Open
2025-09-19,Friday,520.7343478894813,Open
2025-09-20,Saturday,,Closed
2025-09-21,Sunday,,Closed
2025-09-22,Monday,520.7343424638066,Open
2025-09-23,Tuesday,520.7343370381318,Open
2025-09-24,Wednesday,520.7343370381318,Open
2025-09-25,Thursday,520.7343370381318,Open
2025-09-26,Friday,520.7343424638066,Open
2025-09-27,Saturday,,Closed
2025-09-28,Sunday,,Closed
2025-09-29,Monday,520.7343370381318,Open
2025-09-30,Tuesday,520.7343424638066,Open
2025-10-01,Wednesday,520.7343370381318,Open
2025-10-02,Thursday,,Closed
2025-10-03,Friday,520.7343370381318,Open
2025-10-04,Saturday,,Closed
2025-10-05,Sunday,,Closed
2025-10-06,Monday,520.7343424638066,Open
2025-10-07,Tuesday,520.7343370381318,Open
2025-10-08,Wednesday,520.7343370381318,Open
2025-10-09,Thursday,520.7343370381318,Open
2025-10-10,Friday,520.734331612457,Open
2025-10-11,Saturday,,Closed
2025-10-12,Sunday,,Closed
2025-10-13,Monday,520.734331612457,Open
2025-10-14,Tuesday,520.7343370381318,Open
2025-10-15,Wednesday,520.7343370381318,Open
2025-10-16,Thursday,520.7343424638066,Open
2025-10-17,Friday,520.7343424638066,Open
2025-10-18,Saturday,,Closed
2025-10-19,Sunday,,Closed
2025-10-20,Monday,,Closed
2025-10-21,Tuesday,520.7343370381318,Open
2025-10-22,Wednesday,520.7343370381318,Open
2025-10-23,Thursday,520.734331612457,Open
2025-10-24,Friday,520.7343424638066,Open
2025-10-25,Saturday,,Closed
2025-10-26,Sunday,,Closed
2025-10-27,Monday,520.7343424638066,Open
2025-10-28,Tuesday,520.7343424638066,Open
2025-10-29,Wednesday,520.7343370381318,Open
2025-10-30,Thursday,520.7343424638066,Open
2025-10-31,Friday,520.734331612457,Open
2025-11-01,Saturday,,Closed
2025-11-02,Sunday,,Closed
2025-11-03,Monday,520.7343424638066,Open
2025-11-04,Tuesday,520.7343370381318,Open
2025-11-05,Wednesday,520.7343370381318,Open
2025-11-06,Thursday,520.7343370381318,Open
2025-11-07,Friday,520.7343478894813,Open
2025-11-08,Saturday,,Closed
2025-11-09,Sunday,,Closed
2025-11-10,Monday,520.7343370381318,Open
2025-11-11,Tuesday,520.7343370381318,Open
2025-11-12,Wednesday,520.7343370381318,Open
2025-11-13,Thursday,520.7343424638066,Open
2025-11-14,Friday,520.7343370381318,Open
2025-11-15,Saturday,,Closed
2025-11-16,Sunday,,Closed
2025-11-17,Monday,520.734331612457,Open
2025-11-18,Tuesday,520.7343424638066,Open
2025-11-19,Wednesday,520.7343370381318,Open
2025-11-20,Thursday,520.7343424638066,Open
2025-11-21,Friday,520.7343370381318,Open
2025-11-22,Saturday,,Closed
2025-11-23,Sunday,,Closed
2025-11-24,Monday,520.7343424638066,Open
2025-11-25,Tuesday,520.7343424638066,Open
2025-11-26,Wednesday,520.7343424638066,Open
2025-11-27,Thursday,520.7343370381318,Open
2025-11-28,Friday,520.7343370381318,Open
2025-11-29,Saturday,,Closed
2025-11-30,Sunday,,Closed
2025-12-01,Monday,520.7343370381318,Open
2025-12-02,Tuesday,520.7343370381318,Open
2025-12-03,Wednesday,520.734331612457,Open
2025-12-04,Thursday,520.7343370381318,Open
2025-12-05,Friday,520.734331612457,Open
2025-12-06,Saturday,,Closed
2025-12-07,Sunday,,Closed
2025-12-08,Monday,520.7343370381318,Open
2025-12-09,Tuesday,520.734331612457,Open
2025-12-10,Wednesday,520.7343370381318,Open
2025-12-11,Thursday,520.734331612457,Open
2025-12-12,Friday,520.7343370381318,Open
2025-12-13,Saturday,,Closed
2025-12-14,Sunday,,Closed
2025-12-15,Monday,520.7343370381318,Open
2025-12-16,Tuesday,520.7343424638066,Open
2025-12-17,Wednesday,520.7343424638066,Open
2025-12-18,Thursday,520.7343370381318,Open
2025-12-19,Friday,520.7343370381318,Open
2025-12-20,Saturday,,Closed
2025-12-21,Sunday,,Closed
2025-12-22,Monday,520.7343370381318,Open
2025-12-23,Tuesday,520.7343370381318,Open
2025-12-24,Wednesday,520.734331612457,Open
2025-12-25,Thursday,,Closed
2025-12-26,Friday,520.7343370381318,Open
2025-12-27,Saturday,,Closed
2025-12-28,Sunday,,Closed
2025-12-29,Monday,520.734331612457,Open
2025-12-30,Tuesday,520.7343370381318,Open
2025-12-31,Wednesday,520.7343370381318,Open
