Date,Day,Predicted_Price,Market_Status
2025-01-01,Wednesday,3320.0832588251214,Open
2025-01-02,Thursday,3221.798932628939,Open
2025-01-03,Friday,3082.827738885884,Open
2025-01-04,Saturday,,Closed
2025-01-05,Sunday,,Closed
2025-01-06,Monday,2928.8911423660466,Open
2025-01-07,Tuesday,2774.639102289453,Open
2025-01-08,Wednesday,2627.903068244632,Open
2025-01-09,Thursday,2492.5159610921983,Open
2025-01-10,Friday,2370.003316568909,Open
2025-01-11,Saturday,,Closed
2025-01-12,Sunday,,Closed
2025-01-13,Monday,2260.588761624822,Open
2025-01-14,Tuesday,2163.786456853326,Open
2025-01-15,Wednesday,2078.7459720583283,Open
2025-01-16,Thursday,2004.4546489288332,Open
2025-01-17,Friday,1939.8529350893805,Open
2025-01-18,Saturday,,Closed
2025-01-19,Sunday,,Closed
2025-01-20,Monday,1883.9017679133976,Open
2025-01-21,Tuesday,1835.6162664298754,Open
2025-01-22,Wednesday,1794.0845664018125,Open
2025-01-23,Thursday,1758.4743333907245,Open
2025-01-24,Friday,1728.033783723513,Open
2025-01-25,Saturday,,Closed
2025-01-26,Sunday,,Closed
2025-01-27,Monday,1702.0891144724155,Open
2025-01-28,Tuesday,1680.0399267069733,Open
2025-01-29,Wednesday,1661.3543670999643,Open
2025-01-30,Thursday,1645.5631077434518,Open
2025-01-31,Friday,1632.2541356971778,Open
2025-02-01,Saturday,,Closed
2025-02-02,Sunday,,Closed
2025-02-03,Monday,1621.0671552736603,Open
2025-02-04,Tuesday,1611.6884832038486,Open
2025-02-05,Wednesday,1603.8459614056555,Open
2025-02-06,Thursday,1597.30464427908,Open
2025-02-07,Friday,1591.8623627811903,Open
2025-02-08,Saturday,,Closed
2025-02-09,Sunday,,Closed
2025-02-10,Monday,1587.345798984541,Open
2025-02-11,Tuesday,1583.6070007075177,Open
2025-02-12,Wednesday,1580.5199841590656,Open
2025-02-13,Thursday,1577.9778822726075,Open
2025-02-14,Friday,1575.89033948024,Open
2025-02-15,Saturday,,Closed
2025-02-16,Sunday,,Closed
2025-02-17,Monday,1574.181100118578,Open
2025-02-18,Tuesday,1572.786072112278,Open
2025-02-19,Wednesday,1571.6513730546867,Open
2025-02-20,Thursday,1570.7319395805534,Open
2025-02-21,Friday,1569.9901367387429,Open
2025-02-22,Saturday,,Closed
2025-02-23,Sunday,,Closed
2025-02-24,Monday,1569.3944905850876,Open
2025-02-25,Tuesday,1568.9188080385356,Open
2025-02-26,Wednesday,1568.5413671488059,Open
2025-02-27,Thursday,1568.2440721582898,Open
2025-02-28,Friday,1568.011978224371,Open
2025-03-01,Saturday,,Closed
2025-03-02,Sunday,,Closed
2025-03-03,Monday,1567.8326753187284,Open
2025-03-04,Tuesday,1567.6959889784266,Open
2025-03-05,Wednesday,1567.5934346167269,Open
2025-03-06,Thursday,1567.5181471115793,Open
2025-03-07,Friday,1567.4644407336964,Open
2025-03-08,Saturday,,Closed
2025-03-09,Sunday,,Closed
2025-03-10,Monday,1567.4277035292907,Open
2025-03-11,Tuesday,1567.4041332769193,Open
2025-03-12,Wednesday,1567.3907022817293,Open
2025-03-13,Thursday,1567.3849285380566,Open
2025-03-14,Friday,,Closed
2025-03-15,Saturday,,Closed
2025-03-16,Sunday,,Closed
2025-03-17,Monday,1567.3848581265484,Open
2025-03-18,Tuesday,1567.388871582516,Open
2025-03-19,Wednesday,1567.395789513197,Open
2025-03-20,Thursday,1567.4045733488456,Open
2025-03-21,Friday,1567.4145189743795,Open
2025-03-22,Saturday,,Closed
2025-03-23,Sunday,,Closed
2025-03-24,Monday,1567.425063097733,Open
2025-03-25,Tuesday,1567.435695235472,Open
2025-03-26,Wednesday,1567.4461865501944,Open
2025-03-27,Thursday,1567.4562553958676,Open
2025-03-28,Friday,1567.4657785523523,Open
2025-03-29,Saturday,,Closed
2025-03-30,Sunday,,Closed
2025-03-31,Monday,1567.474632799509,Open
2025-04-01,Tuesday,1567.4827829315836,Open
2025-04-02,Wednesday,1567.4902113456992,Open
2025-04-03,Thursday,1567.4969356447327,Open
2025-04-04,Friday,1567.5029382258072,Open
2025-04-05,Saturday,,Closed
2025-04-06,Sunday,,Closed
2025-04-07,Monday,1567.5082895004307,Open
2025-04-08,Tuesday,1567.5130422772345,Open
2025-04-09,Wednesday,1567.5172141590956,Open
2025-04-10,Thursday,,Closed
2025-04-11,Friday,1567.5208579546452,Open
2025-04-12,Saturday,,Closed
2025-04-13,Sunday,,Closed
2025-04-14,Monday,,Closed
2025-04-15,Tuesday,1567.5240264725144,Open
2025-04-16,Wednesday,1567.5267725213344,Open
2025-04-17,Thursday,1567.5291313068592,Open
2025-04-18,Friday,1567.5311908434742,Open
2025-04-19,Saturday,,Closed
2025-04-20,Sunday,,Closed
2025-04-21,Monday,1567.5329335283022,Open
2025-04-22,Tuesday,1567.5343945670975,Open
2025-04-23,Wednesday,1567.5356619742452,Open
2025-04-24,Thursday,1567.5367005439912,Open
2025-04-25,Friday,1567.5375806878437,Open
2025-04-26,Saturday,,Closed
2025-04-27,Sunday,,Closed
2025-04-28,Monday,1567.538337611557,Open
2025-04-29,Tuesday,1567.5389537122537,Open
2025-04-30,Wednesday,1567.5394641956882,Open
2025-05-01,Thursday,,Closed
2025-05-02,Friday,1567.5399042676145,Open
2025-05-03,Saturday,,Closed
2025-05-04,Sunday,,Closed
2025-05-05,Monday,1567.5402563251555,Open
2025-05-06,Tuesday,1567.5405203683113,Open
2025-05-07,Wednesday,1567.540749205713,Open
2025-05-08,Thursday,1567.5409428373605,Open
2025-05-09,Friday,1567.5410660574998,Open
2025-05-10,Saturday,,Closed
2025-05-11,Sunday,,Closed
2025-05-12,Monday,1567.5412068805163,Open
2025-05-13,Tuesday,1567.5413124977786,Open
2025-05-14,Wednesday,1567.5413829092868,Open
2025-05-15,Thursday,1567.541453320795,Open
2025-05-16,Friday,1567.541488526549,Open
2025-05-17,Saturday,,Closed
2025-05-18,Sunday,,Closed
2025-05-19,Monday,1567.5415237323032,Open
2025-05-20,Tuesday,1567.5415413351802,Open
2025-05-21,Wednesday,1567.5415589380573,Open
2025-05-22,Thursday,1567.5415765409343,Open
2025-05-23,Friday,1567.5415765409343,Open
2025-05-24,Saturday,,Closed
2025-05-25,Sunday,,Closed
2025-05-26,Monday,1567.5415589380573,Open
2025-05-27,Tuesday,1567.5415589380573,Open
2025-05-28,Wednesday,1567.5415765409343,Open
2025-05-29,Thursday,1567.5415589380573,Open
2025-05-30,Friday,1567.5415765409343,Open
2025-05-31,Saturday,,Closed
2025-06-01,Sunday,,Closed
2025-06-02,Monday,1567.5415765409343,Open
2025-06-03,Tuesday,1567.5415589380573,Open
2025-06-04,Wednesday,1567.5415589380573,Open
2025-06-05,Thursday,1567.5415589380573,Open
2025-06-06,Friday,1567.5415589380573,Open
2025-06-07,Saturday,,Closed
2025-06-08,Sunday,,Closed
2025-06-09,Monday,1567.5415589380573,Open
2025-06-10,Tuesday,1567.5415589380573,Open
2025-06-11,Wednesday,1567.5415589380573,Open
2025-06-12,Thursday,1567.5415589380573,Open
2025-06-13,Friday,1567.5415589380573,Open
2025-06-14,Saturday,,Closed
2025-06-15,Sunday,,Closed
2025-06-16,Monday,1567.5415413351802,Open
2025-06-17,Tuesday,1567.5415413351802,Open
2025-06-18,Wednesday,1567.5415589380573,Open
2025-06-19,Thursday,1567.5415589380573,Open
2025-06-20,Friday,1567.5415589380573,Open
2025-06-21,Saturday,,Closed
2025-06-22,Sunday,,Closed
2025-06-23,Monday,1567.5415589380573,Open
2025-06-24,Tuesday,1567.5415413351802,Open
2025-06-25,Wednesday,1567.5415589380573,Open
2025-06-26,Thursday,1567.5415589380573,Open
2025-06-27,Friday,1567.5415589380573,Open
2025-06-28,Saturday,,Closed
2025-06-29,Sunday,,Closed
2025-06-30,Monday,1567.5415589380573,Open
2025-07-01,Tuesday,1567.5415413351802,Open
2025-07-02,Wednesday,1567.5415237323032,Open
2025-07-03,Thursday,1567.5415589380573,Open
2025-07-04,Friday,1567.5415589380573,Open
2025-07-05,Saturday,,Closed
2025-07-06,Sunday,,Closed
2025-07-07,Monday,1567.5415237323032,Open
2025-07-08,Tuesday,1567.5415237323032,Open
2025-07-09,Wednesday,1567.5415237323032,Open
2025-07-10,Thursday,1567.5415237323032,Open
2025-07-11,Friday,1567.5415237323032,Open
2025-07-12,Saturday,,Closed
2025-07-13,Sunday,,Closed
2025-07-14,Monday,1567.5415237323032,Open
2025-07-15,Tuesday,1567.5415237323032,Open
2025-07-16,Wednesday,1567.5415237323032,Open
2025-07-17,Thursday,1567.5415237323032,Open
2025-07-18,Friday,1567.5415237323032,Open
2025-07-19,Saturday,,Closed
2025-07-20,Sunday,,Closed
2025-07-21,Monday,1567.5415237323032,Open
2025-07-22,Tuesday,1567.5415237323032,Open
2025-07-23,Wednesday,1567.5415237323032,Open
2025-07-24,Thursday,1567.5415237323032,Open
2025-07-25,Friday,1567.5415237323032,Open
2025-07-26,Saturday,,Closed
2025-07-27,Sunday,,Closed
2025-07-28,Monday,1567.5415237323032,Open
2025-07-29,Tuesday,1567.5415237323032,Open
2025-07-30,Wednesday,1567.5415237323032,Open
2025-07-31,Thursday,1567.5415237323032,Open
2025-08-01,Friday,1567.5415061294261,Open
2025-08-02,Saturday,,Closed
2025-08-03,Sunday,,Closed
2025-08-04,Monday,1567.5415061294261,Open
2025-08-05,Tuesday,1567.5415061294261,Open
2025-08-06,Wednesday,1567.5415061294261,Open
2025-08-07,Thursday,1567.5415237323032,Open
2025-08-08,Friday,1567.5415061294261,Open
2025-08-09,Saturday,,Closed
2025-08-10,Sunday,,Closed
2025-08-11,Monday,1567.5415061294261,Open
2025-08-12,Tuesday,1567.5415237323032,Open
2025-08-13,Wednesday,1567.5415061294261,Open
2025-08-14,Thursday,1567.5415237323032,Open
2025-08-15,Friday,,Closed
2025-08-16,Saturday,,Closed
2025-08-17,Sunday,,Closed
2025-08-18,Monday,1567.5415237323032,Open
2025-08-19,Tuesday,1567.5415237323032,Open
2025-08-20,Wednesday,1567.5415237323032,Open
2025-08-21,Thursday,1567.5415061294261,Open
2025-08-22,Friday,1567.5415237323032,Open
2025-08-23,Saturday,,Closed
2025-08-24,Sunday,,Closed
2025-08-25,Monday,1567.541488526549,Open
2025-08-26,Tuesday,1567.5415237323032,Open
2025-08-27,Wednesday,1567.5415237323032,Open
2025-08-28,Thursday,1567.5415237323032,Open
2025-08-29,Friday,1567.5415237323032,Open
2025-08-30,Saturday,,Closed
2025-08-31,Sunday,,Closed
2025-09-01,Monday,1567.5415237323032,Open
2025-09-02,Tuesday,1567.5415237323032,Open
2025-09-03,Wednesday,1567.5415237323032,Open
2025-09-04,Thursday,1567.5415237323032,Open
2025-09-05,Friday,1567.5415237323032,Open
2025-09-06,Saturday,,Closed
2025-09-07,Sunday,,Closed
2025-09-08,Monday,1567.5415237323032,Open
2025-09-09,Tuesday,1567.5415237323032,Open
2025-09-10,Wednesday,1567.5415237323032,Open
2025-09-11,Thursday,1567.5415061294261,Open
2025-09-12,Friday,1567.5415237323032,Open
2025-09-13,Saturday,,Closed
2025-09-14,Sunday,,Closed
2025-09-15,Monday,1567.5415061294261,Open
2025-09-16,Tuesday,1567.5415237323032,Open
2025-09-17,Wednesday,1567.5415237323032,Open
2025-09-18,Thursday,1567.5415237323032,Open
2025-09-19,Friday,1567.5415237323032,Open
2025-09-20,Saturday,,Closed
2025-09-21,Sunday,,Closed
2025-09-22,Monday,1567.5415237323032,Open
2025-09-23,Tuesday,1567.5415237323032,Open
2025-09-24,Wednesday,1567.5415061294261,Open
2025-09-25,Thursday,1567.5415237323032,Open
2025-09-26,Friday,1567.5415237323032,Open
2025-09-27,Saturday,,Closed
2025-09-28,Sunday,,Closed
2025-09-29,Monday,1567.5415237323032,Open
2025-09-30,Tuesday,1567.5415237323032,Open
2025-10-01,Wednesday,1567.5415061294261,Open
2025-10-02,Thursday,,Closed
2025-10-03,Friday,1567.5415237323032,Open
2025-10-04,Saturday,,Closed
2025-10-05,Sunday,,Closed
2025-10-06,Monday,1567.5415237323032,Open
2025-10-07,Tuesday,1567.5415237323032,Open
2025-10-08,Wednesday,1567.5415061294261,Open
2025-10-09,Thursday,1567.5415237323032,Open
2025-10-10,Friday,1567.5415237323032,Open
2025-10-11,Saturday,,Closed
2025-10-12,Sunday,,Closed
2025-10-13,Monday,1567.5415237323032,Open
2025-10-14,Tuesday,1567.5415237323032,Open
2025-10-15,Wednesday,1567.5415061294261,Open
2025-10-16,Thursday,1567.5415237323032,Open
2025-10-17,Friday,1567.5415237323032,Open
2025-10-18,Saturday,,Closed
2025-10-19,Sunday,,Closed
2025-10-20,Monday,,Closed
2025-10-21,Tuesday,1567.5415237323032,Open
2025-10-22,Wednesday,1567.5415237323032,Open
2025-10-23,Thursday,1567.5415237323032,Open
2025-10-24,Friday,1567.5415061294261,Open
2025-10-25,Saturday,,Closed
2025-10-26,Sunday,,Closed
2025-10-27,Monday,1567.5415061294261,Open
2025-10-28,Tuesday,1567.5415237323032,Open
2025-10-29,Wednesday,1567.5415237323032,Open
2025-10-30,Thursday,1567.5415061294261,Open
2025-10-31,Friday,1567.5415237323032,Open
2025-11-01,Saturday,,Closed
2025-11-02,Sunday,,Closed
2025-11-03,Monday,1567.5415237323032,Open
2025-11-04,Tuesday,1567.5415237323032,Open
2025-11-05,Wednesday,1567.5415237323032,Open
2025-11-06,Thursday,1567.5415237323032,Open
2025-11-07,Friday,1567.5415237323032,Open
2025-11-08,Saturday,,Closed
2025-11-09,Sunday,,Closed
2025-11-10,Monday,1567.5415237323032,Open
2025-11-11,Tuesday,1567.5415237323032,Open
2025-11-12,Wednesday,1567.5415237323032,Open
2025-11-13,Thursday,1567.5415237323032,Open
2025-11-14,Friday,1567.5415061294261,Open
2025-11-15,Saturday,,Closed
2025-11-16,Sunday,,Closed
2025-11-17,Monday,1567.5415061294261,Open
2025-11-18,Tuesday,1567.5415237323032,Open
2025-11-19,Wednesday,1567.5415061294261,Open
2025-11-20,Thursday,1567.5415237323032,Open
2025-11-21,Friday,1567.5415237323032,Open
2025-11-22,Saturday,,Closed
2025-11-23,Sunday,,Closed
2025-11-24,Monday,1567.5415061294261,Open
2025-11-25,Tuesday,1567.5415237323032,Open
2025-11-26,Wednesday,1567.5415237323032,Open
2025-11-27,Thursday,1567.5415237323032,Open
2025-11-28,Friday,1567.5415237323032,Open
2025-11-29,Saturday,,Closed
2025-11-30,Sunday,,Closed
2025-12-01,Monday,1567.5415237323032,Open
2025-12-02,Tuesday,1567.5415237323032,Open
2025-12-03,Wednesday,1567.5415237323032,Open
2025-12-04,Thursday,1567.5415237323032,Open
2025-12-05,Friday,1567.5415061294261,Open
2025-12-06,Saturday,,Closed
2025-12-07,Sunday,,Closed
2025-12-08,Monday,1567.5415237323032,Open
2025-12-09,Tuesday,1567.5415237323032,Open
2025-12-10,Wednesday,1567.5415237323032,Open
2025-12-11,Thursday,1567.5415061294261,Open
2025-12-12,Friday,1567.5415237323032,Open
2025-12-13,Saturday,,Closed
2025-12-14,Sunday,,Closed
2025-12-15,Monday,1567.5415237323032,Open
2025-12-16,Tuesday,1567.5415237323032,Open
2025-12-17,Wednesday,1567.5415237323032,Open
2025-12-18,Thursday,1567.5415237323032,Open
2025-12-19,Friday,1567.5415237323032,Open
2025-12-20,Saturday,,Closed
2025-12-21,Sunday,,Closed
2025-12-22,Monday,1567.5415237323032,Open
2025-12-23,Tuesday,1567.5415413351802,Open
2025-12-24,Wednesday,1567.5415237323032,Open
2025-12-25,Thursday,,Closed
2025-12-26,Friday,1567.5415237323032,Open
2025-12-27,Saturday,,Closed
2025-12-28,Sunday,,Closed
2025-12-29,Monday,1567.5415237323032,Open
2025-12-30,Tuesday,1567.5415237323032,Open
2025-12-31,Wednesday,1567.5415237323032,Open
