Date,Day,Predicted_Price,Market_Status
2025-01-01,Wednesday,1451.8829229961339,Open
2025-01-02,Thursday,1383.401270036804,Open
2025-01-03,Friday,1281.7999559213422,Open
2025-01-04,Saturday,,Closed
2025-01-05,Sunday,,Closed
2025-01-06,Monday,1162.5866361250373,Open
2025-01-07,Tuesday,1039.1414542079292,Open
2025-01-08,Wednesday,920.2948614817832,Open
2025-01-09,Thursday,811.4868902747875,Open
2025-01-10,Friday,715.6190891253062,Open
2025-01-11,Saturday,,Closed
2025-01-12,Sunday,,Closed
2025-01-13,Monday,633.7832752930934,Open
2025-01-14,Tuesday,565.8431510249483,Open
2025-01-15,Wednesday,510.8817501729754,Open
2025-01-16,Thursday,467.53383099957176,Open
2025-01-17,Friday,434.22700170059824,Open
2025-01-18,Saturday,,Closed
2025-01-19,Sunday,,Closed
2025-01-20,Monday,409.34943865097785,Open
2025-01-21,Tuesday,391.36096857864595,Open
2025-01-22,Wednesday,378.8604998240771,Open
2025-01-23,Thursday,370.621253626799,Open
2025-01-24,Friday,365.60241303013436,Open
2025-01-25,Saturday,,Closed
2025-01-26,Sunday,,Closed
2025-01-27,Monday,362.94573275916264,Open
2025-01-28,Tuesday,361.96150238330097,Open
2025-01-29,Wednesday,362.10951709113874,Open
2025-01-30,Thursday,362.97757392363815,Open
2025-01-31,Friday,364.2598319075448,Open
2025-02-01,Saturday,,Closed
2025-02-02,Sunday,,Closed
2025-02-03,Monday,365.73656411846764,Open
2025-02-04,Tuesday,367.2560440361178,Open
2025-02-05,Wednesday,368.71875796868403,Open
2025-02-06,Thursday,370.0643332866507,Open
2025-02-07,Friday,371.2608731483556,Open
2025-02-08,Saturday,,Closed
2025-02-09,Sunday,,Closed
2025-02-10,Monday,372.29641314499827,Open
2025-02-11,Tuesday,373.17240088343465,Open
2025-02-12,Wednesday,373.8987159711385,Open
2025-02-13,Thursday,374.4899767628126,Open
2025-02-14,Friday,374.9631029368795,Open
2025-02-15,Saturday,,Closed
2025-02-16,Sunday,,Closed
2025-02-17,Monday,375.3353482348823,Open
2025-02-18,Tuesday,375.62329208576875,Open
2025-02-19,Wednesday,375.8421096161094,Open
2025-02-20,Thursday,376.00530563687175,Open
2025-02-21,Friday,376.1244115120703,Open
2025-02-22,Saturday,,Closed
2025-02-23,Sunday,,Closed
2025-02-24,Monday,376.20915837668076,Open
2025-02-25,Tuesday,376.26766272726263,Open
2025-02-26,Wednesday,376.30638930383475,Open
2025-02-27,Thursday,376.3305408301826,Open
2025-02-28,Friday,376.3441879272941,Open
2025-03-01,Saturday,,Closed
2025-03-02,Sunday,,Closed
2025-03-03,Monday,376.35043614491997,Open
2025-03-04,Tuesday,376.3516610430288,Open
2025-03-05,Wednesday,376.3496009871185,Open
2025-03-06,Thursday,376.3455551115469,Open
2025-03-07,Friday,376.34041425130226,Open
2025-03-08,Saturday,,Closed
2025-03-09,Sunday,,Closed
2025-03-10,Monday,376.3347970417931,Open
2025-03-11,Tuesday,376.32911796874305,Open
2025-03-12,Wednesday,376.3236492317319,Open
2025-03-13,Thursday,376.3185393032577,Open
2025-03-14,Friday,,Closed
2025-03-15,Saturday,,Closed
2025-03-16,Sunday,,Closed
2025-03-17,Monday,376.3138686059235,Open
2025-03-18,Tuesday,376.30965569879163,Open
2025-03-19,Wednesday,376.3059253272784,Open
2025-03-20,Thursday,376.3025846960725,Open
2025-03-21,Friday,376.29966473694435,Open
2025-03-22,Saturday,,Closed
2025-03-23,Sunday,,Closed
2025-03-24,Monday,376.2971221454154,Open
2025-03-25,Tuesday,376.29488887159073,Open
2025-03-26,Wednesday,376.2929277973458,Open
2025-03-27,Thursday,376.2912265499724,Open
2025-03-28,Friday,376.28972326592975,Open
2025-03-29,Saturday,,Closed
2025-03-30,Sunday,,Closed
2025-03-31,Monday,376.28841175886373,Open
2025-04-01,Tuesday,376.2872796560662,Open
2025-04-02,Wednesday,376.28625890764215,Open
2025-04-03,Thursday,376.28539281807025,Open
2025-04-04,Friday,376.2846380828719,Open
2025-04-05,Saturday,,Closed
2025-04-06,Sunday,,Closed
2025-04-07,Monday,376.28394521121436,Open
2025-04-08,Tuesday,376.2833575075763,Open
2025-04-09,Wednesday,376.2828502265413,Open
2025-04-10,Thursday,,Closed
2025-04-11,Friday,376.28237387727677,Open
2025-04-12,Saturday,,Closed
2025-04-13,Sunday,,Closed
2025-04-14,Monday,,Closed
2025-04-15,Tuesday,376.28200269603167,Open
2025-04-16,Wednesday,376.281662446557,Open
2025-04-17,Thursday,376.281371687915,Open
2025-04-18,Friday,376.28109948833526,Open
2025-04-19,Saturday,,Closed
2025-04-20,Sunday,,Closed
2025-04-21,Monday,376.2808705932341,Open
2025-04-22,Tuesday,376.2806788162575,Open
2025-04-23,Wednesday,376.280499411989,Open
2025-04-24,Thursday,376.2803694985532,Open
2025-04-25,Friday,376.2802457714715,Open
2025-04-26,Saturday,,Closed
2025-04-27,Sunday,,Closed
2025-04-28,Monday,376.2801220443898,Open
2025-04-29,Tuesday,376.28003543543264,Open
2025-04-30,Wednesday,376.2799611991836,Open
2025-05-01,Thursday,,Closed
2025-05-02,Friday,376.279917894705,Open
2025-05-03,Saturday,,Closed
2025-05-04,Sunday,,Closed
2025-05-05,Monday,376.279843658456,Open
2025-05-06,Tuesday,376.27978798126924,Open
2025-05-07,Wednesday,376.27973849043656,Open
2025-05-08,Thursday,376.2797137450202,Open
2025-05-09,Friday,376.2796828132498,Open
2025-05-10,Saturday,,Closed
2025-05-11,Sunday,,Closed
2025-05-12,Monday,376.27965806783345,Open
2025-05-13,Tuesday,376.27961476335486,Open
2025-05-14,Wednesday,376.27962094970894,Open
2025-05-15,Thursday,376.2796023906467,Open
2025-05-16,Friday,376.27958383158443,Open
2025-05-17,Saturday,,Closed
2025-05-18,Sunday,,Closed
2025-05-19,Monday,376.27958383158443,Open
2025-05-20,Tuesday,376.2795652725222,Open
2025-05-21,Wednesday,376.2795467134599,Open
2025-05-22,Thursday,376.279552899814,Open
2025-05-23,Friday,376.27953434075175,Open
2025-05-24,Saturday,,Closed
2025-05-25,Sunday,,Closed
2025-05-26,Monday,376.2795219680436,Open
2025-05-27,Tuesday,376.2795157816895,Open
2025-05-28,Wednesday,376.2795219680436,Open
2025-05-29,Thursday,376.2795219680436,Open
2025-05-30,Friday,376.2795219680436,Open
2025-05-31,Saturday,,Closed
2025-06-01,Sunday,,Closed
2025-06-02,Monday,376.2795095953354,Open
2025-06-03,Tuesday,376.2795034089813,Open
2025-06-04,Wednesday,376.2795157816895,Open
2025-06-05,Thursday,376.2795095953354,Open
2025-06-06,Friday,376.2795095953354,Open
2025-06-07,Saturday,,Closed
2025-06-08,Sunday,,Closed
2025-06-09,Monday,376.2795034089813,Open
2025-06-10,Tuesday,376.2795157816895,Open
2025-06-11,Wednesday,376.2795095953354,Open
2025-06-12,Thursday,376.2795034089813,Open
2025-06-13,Friday,376.2795095953354,Open
2025-06-14,Saturday,,Closed
2025-06-15,Sunday,,Closed
2025-06-16,Monday,376.2795034089813,Open
2025-06-17,Tuesday,376.27949722262724,Open
2025-06-18,Wednesday,376.2795095953354,Open
2025-06-19,Thursday,376.2795095953354,Open
2025-06-20,Friday,376.2795034089813,Open
2025-06-21,Saturday,,Closed
2025-06-22,Sunday,,Closed
2025-06-23,Monday,376.2795095953354,Open
2025-06-24,Tuesday,376.2795095953354,Open
2025-06-25,Wednesday,376.2795157816895,Open
2025-06-26,Thursday,376.2795034089813,Open
2025-06-27,Friday,376.2795034089813,Open
2025-06-28,Saturday,,Closed
2025-06-29,Sunday,,Closed
2025-06-30,Monday,376.2795095953354,Open
2025-07-01,Tuesday,376.2795034089813,Open
2025-07-02,Wednesday,376.2795034089813,Open
2025-07-03,Thursday,376.2795095953354,Open
2025-07-04,Friday,376.27949722262724,Open
2025-07-05,Saturday,,Closed
2025-07-06,Sunday,,Closed
2025-07-07,Monday,376.2795095953354,Open
2025-07-08,Tuesday,376.27949722262724,Open
2025-07-09,Wednesday,376.27949722262724,Open
2025-07-10,Thursday,376.27949722262724,Open
2025-07-11,Friday,376.2795034089813,Open
2025-07-12,Saturday,,Closed
2025-07-13,Sunday,,Closed
2025-07-14,Monday,376.27949722262724,Open
2025-07-15,Tuesday,376.2795034089813,Open
2025-07-16,Wednesday,376.2795034089813,Open
2025-07-17,Thursday,376.2795034089813,Open
2025-07-18,Friday,376.2795095953354,Open
2025-07-19,Saturday,,Closed
2025-07-20,Sunday,,Closed
2025-07-21,Monday,376.2795034089813,Open
2025-07-22,Tuesday,376.27949722262724,Open
2025-07-23,Wednesday,376.2795034089813,Open
2025-07-24,Thursday,376.2795034089813,Open
2025-07-25,Friday,376.2795034089813,Open
2025-07-26,Saturday,,Closed
2025-07-27,Sunday,,Closed
2025-07-28,Monday,376.2795034089813,Open
2025-07-29,Tuesday,376.27949722262724,Open
2025-07-30,Wednesday,376.27949722262724,Open
2025-07-31,Thursday,376.27949722262724,Open
2025-08-01,Friday,376.2795034089813,Open
2025-08-02,Saturday,,Closed
2025-08-03,Sunday,,Closed
2025-08-04,Monday,376.27949722262724,Open
2025-08-05,Tuesday,376.27949722262724,Open
2025-08-06,Wednesday,376.2795034089813,Open
2025-08-07,Thursday,376.27949722262724,Open
2025-08-08,Friday,376.27949722262724,Open
2025-08-09,Saturday,,Closed
2025-08-10,Sunday,,Closed
2025-08-11,Monday,376.2795034089813,Open
2025-08-12,Tuesday,376.27949722262724,Open
2025-08-13,Wednesday,376.2795034089813,Open
2025-08-14,Thursday,376.27949722262724,Open
2025-08-15,Friday,,Closed
2025-08-16,Saturday,,Closed
2025-08-17,Sunday,,Closed
2025-08-18,Monday,376.2795034089813,Open
2025-08-19,Tuesday,376.27949722262724,Open
2025-08-20,Wednesday,376.27949722262724,Open
2025-08-21,Thursday,376.2795034089813,Open
2025-08-22,Friday,376.27949722262724,Open
2025-08-23,Saturday,,Closed
2025-08-24,Sunday,,Closed
2025-08-25,Monday,376.2795095953354,Open
2025-08-26,Tuesday,376.2795034089813,Open
2025-08-27,Wednesday,376.2795095953354,Open
2025-08-28,Thursday,376.2795095953354,Open
2025-08-29,Friday,376.2795034089813,Open
2025-08-30,Saturday,,Closed
2025-08-31,Sunday,,Closed
2025-09-01,Monday,376.2795034089813,Open
2025-09-02,Tuesday,376.2795095953354,Open
2025-09-03,Wednesday,376.2795095953354,Open
2025-09-04,Thursday,376.27949722262724,Open
2025-09-05,Friday,376.27949722262724,Open
2025-09-06,Saturday,,Closed
2025-09-07,Sunday,,Closed
2025-09-08,Monday,376.2795034089813,Open
2025-09-09,Tuesday,376.2795157816895,Open
2025-09-10,Wednesday,376.27949722262724,Open
2025-09-11,Thursday,376.27949722262724,Open
2025-09-12,Friday,376.2795095953354,Open
2025-09-13,Saturday,,Closed
2025-09-14,Sunday,,Closed
2025-09-15,Monday,376.2795034089813,Open
2025-09-16,Tuesday,376.2795034089813,Open
2025-09-17,Wednesday,376.2795034089813,Open
2025-09-18,Thursday,376.2795095953354,Open
2025-09-19,Friday,376.2795095953354,Open
2025-09-20,Saturday,,Closed
2025-09-21,Sunday,,Closed
2025-09-22,Monday,376.2795034089813,Open
2025-09-23,Tuesday,376.2795034089813,Open
2025-09-24,Wednesday,376.27949722262724,Open
2025-09-25,Thursday,376.2795034089813,Open
2025-09-26,Friday,376.27949722262724,Open
2025-09-27,Saturday,,Closed
2025-09-28,Sunday,,Closed
2025-09-29,Monday,376.27949722262724,Open
2025-09-30,Tuesday,376.27949722262724,Open
2025-10-01,Wednesday,376.27949103627316,Open
2025-10-02,Thursday,,Closed
2025-10-03,Friday,376.2795034089813,Open
2025-10-04,Saturday,,Closed
2025-10-05,Sunday,,Closed
2025-10-06,Monday,376.2795034089813,Open
2025-10-07,Tuesday,376.2795034089813,Open
2025-10-08,Wednesday,376.2795034089813,Open
2025-10-09,Thursday,376.27949722262724,Open
2025-10-10,Friday,376.2795034089813,Open
2025-10-11,Saturday,,Closed
2025-10-12,Sunday,,Closed
2025-10-13,Monday,376.27949722262724,Open
2025-10-14,Tuesday,376.27949722262724,Open
2025-10-15,Wednesday,376.27949103627316,Open
2025-10-16,Thursday,376.27949722262724,Open
2025-10-17,Friday,376.27949722262724,Open
2025-10-18,Saturday,,Closed
2025-10-19,Sunday,,Closed
2025-10-20,Monday,,Closed
2025-10-21,Tuesday,376.2795034089813,Open
2025-10-22,Wednesday,376.27949722262724,Open
2025-10-23,Thursday,376.27949722262724,Open
2025-10-24,Friday,376.2795034089813,Open
2025-10-25,Saturday,,Closed
2025-10-26,Sunday,,Closed
2025-10-27,Monday,376.2795034089813,Open
2025-10-28,Tuesday,376.27949722262724,Open
2025-10-29,Wednesday,376.2795034089813,Open
2025-10-30,Thursday,376.2795034089813,Open
2025-10-31,Friday,376.2795095953354,Open
2025-11-01,Saturday,,Closed
2025-11-02,Sunday,,Closed
2025-11-03,Monday,376.2795034089813,Open
2025-11-04,Tuesday,376.27949722262724,Open
2025-11-05,Wednesday,376.2795034089813,Open
2025-11-06,Thursday,376.2795095953354,Open
2025-11-07,Friday,376.27949722262724,Open
2025-11-08,Saturday,,Closed
2025-11-09,Sunday,,Closed
2025-11-10,Monday,376.2795034089813,Open
2025-11-11,Tuesday,376.2795034089813,Open
2025-11-12,Wednesday,376.2795095953354,Open
2025-11-13,Thursday,376.2795095953354,Open
2025-11-14,Friday,376.2795034089813,Open
2025-11-15,Saturday,,Closed
2025-11-16,Sunday,,Closed
2025-11-17,Monday,376.2795034089813,Open
2025-11-18,Tuesday,376.2795034089813,Open
2025-11-19,Wednesday,376.2795034089813,Open
2025-11-20,Thursday,376.2795034089813,Open
2025-11-21,Friday,376.27949722262724,Open
2025-11-22,Saturday,,Closed
2025-11-23,Sunday,,Closed
2025-11-24,Monday,376.2795034089813,Open
2025-11-25,Tuesday,376.27949722262724,Open
2025-11-26,Wednesday,376.27949722262724,Open
2025-11-27,Thursday,376.27949722262724,Open
2025-11-28,Friday,376.2795034089813,Open
2025-11-29,Saturday,,Closed
2025-11-30,Sunday,,Closed
2025-12-01,Monday,376.2795034089813,Open
2025-12-02,Tuesday,376.2795034089813,Open
2025-12-03,Wednesday,376.2795095953354,Open
2025-12-04,Thursday,376.2795034089813,Open
2025-12-05,Friday,376.2795034089813,Open
2025-12-06,Saturday,,Closed
2025-12-07,Sunday,,Closed
2025-12-08,Monday,376.27949722262724,Open
2025-12-09,Tuesday,376.2795034089813,Open
2025-12-10,Wednesday,376.27949722262724,Open
2025-12-11,Thursday,376.2795095953354,Open
2025-12-12,Friday,376.2795034089813,Open
2025-12-13,Saturday,,Closed
2025-12-14,Sunday,,Closed
2025-12-15,Monday,376.2795095953354,Open
2025-12-16,Tuesday,376.2795034089813,Open
2025-12-17,Wednesday,376.27949722262724,Open
2025-12-18,Thursday,376.27949722262724,Open
2025-12-19,Friday,376.27949722262724,Open
2025-12-20,Saturday,,Closed
2025-12-21,Sunday,,Closed
2025-12-22,Monday,376.2795095953354,Open
2025-12-23,Tuesday,376.2795034089813,Open
2025-12-24,Wednesday,376.27949722262724,Open
2025-12-25,Thursday,,Closed
2025-12-26,Friday,376.27949722262724,Open
2025-12-27,Saturday,,Closed
2025-12-28,Sunday,,Closed
2025-12-29,Monday,376.2795095953354,Open
2025-12-30,Tuesday,376.27949722262724,Open
2025-12-31,Wednesday,376.27949722262724,Open
