Date,Day,Predicted_Price,Market_Status
2025-01-01,Wednesday,2173.9061794826084,Open
2025-01-02,Thursday,2034.9995865000926,Open
2025-01-03,Friday,1862.187867590015,Open
2025-01-04,Saturday,,Closed
2025-01-05,Sunday,,Closed
2025-01-06,Monday,1681.5382471493574,Open
2025-01-07,Tuesday,1512.072733482684,Open
2025-01-08,Wednesday,1362.2588489870284,Open
2025-01-09,Thursday,1234.6692754334324,Open
2025-01-10,Friday,1128.727369155007,Open
2025-01-11,Saturday,,Closed
2025-01-12,Sunday,,Closed
2025-01-13,Monday,1042.3683344056114,Open
2025-01-14,Tuesday,972.9726177429583,Open
2025-01-15,Wednesday,917.8600566147969,Open
2025-01-16,Thursday,874.5338186980433,Open
2025-01-17,Friday,840.7849825540364,Open
2025-01-18,Saturday,,Closed
2025-01-19,Sunday,,Closed
2025-01-20,Monday,814.7232413911405,Open
2025-01-21,Tuesday,794.7675216856554,Open
2025-01-22,Wednesday,779.6181736744659,Open
2025-01-23,Thursday,768.2212187901753,Open
2025-01-24,Friday,759.7313701198768,Open
2025-01-25,Saturday,,Closed
2025-01-26,Sunday,,Closed
2025-01-27,Monday,753.4770899969299,Open
2025-01-28,Tuesday,748.9291524008195,Open
2025-01-29,Wednesday,745.6736201236465,Open
2025-01-30,Thursday,743.3888844612295,Open
2025-01-31,Friday,741.8266852390143,Open
2025-02-01,Saturday,,Closed
2025-02-02,Sunday,,Closed
2025-02-03,Monday,740.7967002237699,Open
2025-02-04,Tuesday,740.1539231179299,Open
2025-02-05,Wednesday,739.7888007830779,Open
2025-02-06,Thursday,739.6190260009191,Open
2025-02-07,Friday,739.5834319449618,Open
2025-02-08,Saturday,,Closed
2025-02-09,Sunday,,Closed
2025-02-10,Monday,739.6369668610553,Open
2025-02-11,Tuesday,739.746889853591,Open
2025-02-12,Wednesday,739.8896828971419,Open
2025-02-13,Thursday,740.0488023582448,Open
2025-02-14,Friday,740.2128532076049,Open
2025-02-15,Saturday,,Closed
2025-02-16,Sunday,,Closed
2025-02-17,Monday,740.3741917934235,Open
2025-02-18,Tuesday,740.5279747879479,Open
2025-02-19,Wednesday,740.6713138066273,Open
2025-02-20,Thursday,740.802682467382,Open
2025-02-21,Friday,740.921634596989,Open
2025-02-22,Saturday,,Closed
2025-02-23,Sunday,,Closed
2025-02-24,Monday,741.0281408419464,Open
2025-02-25,Tuesday,741.1227941429854,Open
2025-02-26,Wednesday,741.2062755013415,Open
2025-02-27,Thursday,741.2794831341614,Open
2025-02-28,Friday,741.3434033190968,Open
2025-03-01,Saturday,,Closed
2025-03-02,Sunday,,Closed
2025-03-03,Monday,741.3988814369916,Open
2025-03-04,Tuesday,741.4468802826962,Open
2025-03-05,Wednesday,741.4882100128527,Open
2025-03-06,Thursday,741.5237042669048,Open
2025-03-07,Friday,741.554026433987,Open
2025-03-08,Saturday,,Closed
2025-03-09,Sunday,,Closed
2025-03-10,Monday,741.5798633860352,Open
2025-03-11,Tuesday,741.6017610981778,Open
2025-03-12,Wednesday,741.6202538041427,Open
2025-03-13,Thursday,741.635781806453,Open
2025-03-14,Friday,,Closed
2025-03-15,Saturday,,Closed
2025-03-16,Sunday,,Closed
2025-03-17,Monday,741.64875605413,Open
2025-03-18,Tuesday,741.6595698840943,Open
2025-03-19,Wednesday,741.6685050899605,Open
2025-03-20,Thursday,741.6758317239428,Open
2025-03-21,Friday,741.6818198382553,Open
2025-03-22,Saturday,,Closed
2025-03-23,Sunday,,Closed
2025-03-24,Monday,741.6866514246074,Open
2025-03-25,Tuesday,741.6904849919074,Open
2025-03-26,Wednesday,741.6935377560667,Open
2025-03-27,Thursday,741.6959036482901,Open
2025-03-28,Friday,741.6977059532842,Open
2025-03-29,Saturday,,Closed
2025-03-30,Sunday,,Closed
2025-03-31,Monday,741.6990679557553,Open
2025-04-01,Tuesday,741.7000366213058,Open
2025-04-02,Wednesday,741.7007234932416,Open
2025-04-03,Thursday,741.7011696664649,Open
2025-04-04,Friday,741.7013986237769,Open
2025-04-05,Saturday,,Closed
2025-04-06,Sunday,,Closed
2025-04-07,Monday,741.7015042963824,Open
2025-04-08,Tuesday,741.7014749428808,Open
2025-04-09,Wednesday,741.7013986237769,Open
2025-04-10,Thursday,,Closed
2025-04-11,Friday,741.7012401148686,Open
2025-04-12,Saturday,,Closed
2025-04-13,Sunday,,Closed
2025-04-14,Monday,,Closed
2025-04-15,Tuesday,741.7010287696576,Open
2025-04-16,Wednesday,741.7008232951468,Open
2025-04-17,Thursday,741.7006060792355,Open
2025-04-18,Friday,741.7003595098226,Open
2025-04-19,Saturday,,Closed
2025-04-20,Sunday,,Closed
2025-04-21,Monday,741.7001129404098,Open
2025-04-22,Tuesday,741.6999015951988,Open
2025-04-23,Wednesday,741.6996726378868,Open
2025-04-24,Thursday,741.699484775477,Open
2025-04-25,Friday,741.6993027837675,Open
2025-04-26,Saturday,,Closed
2025-04-27,Sunday,,Closed
2025-04-28,Monday,741.6991325334586,Open
2025-04-29,Tuesday,741.69896815385,Open
2025-04-30,Wednesday,741.6988389984433,Open
2025-05-01,Thursday,,Closed
2025-05-02,Friday,741.6987098430366,Open
2025-05-03,Saturday,,Closed
2025-05-04,Sunday,,Closed
2025-05-05,Monday,741.698604170431,Open
2025-05-06,Tuesday,741.6985102392262,Open
2025-05-07,Wednesday,741.6984456615228,Open
2025-05-08,Thursday,741.6983517303179,Open
2025-05-09,Friday,741.698316506116,Open
2025-05-10,Saturday,,Closed
2025-05-11,Sunday,,Closed
2025-05-12,Monday,741.698257799113,Open
2025-05-13,Tuesday,741.6982167042108,Open
2025-05-14,Wednesday,741.6981873507093,Open
2025-05-15,Thursday,741.6981462558072,Open
2025-05-16,Friday,741.6981169023056,Open
2025-05-17,Saturday,,Closed
2025-05-18,Sunday,,Closed
2025-05-19,Monday,741.6981110316053,Open
2025-05-20,Tuesday,741.6980758074035,Open
2025-05-21,Wednesday,741.6980640660029,Open
2025-05-22,Thursday,741.6980581953026,Open
2025-05-23,Friday,741.6980523246023,Open
2025-05-24,Saturday,,Closed
2025-05-25,Sunday,,Closed
2025-05-26,Monday,741.6980405832016,Open
2025-05-27,Tuesday,741.698028841801,Open
2025-05-28,Wednesday,741.698028841801,Open
2025-05-29,Thursday,741.6980229711007,Open
2025-05-30,Friday,741.6980053589998,Open
2025-05-31,Saturday,,Closed
2025-06-01,Sunday,,Closed
2025-06-02,Monday,741.6980171004004,Open
2025-06-03,Tuesday,741.698028841801,Open
2025-06-04,Wednesday,741.6980229711007,Open
2025-06-05,Thursday,741.698028841801,Open
2025-06-06,Friday,741.6980347125013,Open
2025-06-07,Saturday,,Closed
2025-06-08,Sunday,,Closed
2025-06-09,Monday,741.6980347125013,Open
2025-06-10,Tuesday,741.6980405832016,Open
2025-06-11,Wednesday,741.6980347125013,Open
2025-06-12,Thursday,741.6980405832016,Open
2025-06-13,Friday,741.6980347125013,Open
2025-06-14,Saturday,,Closed
2025-06-15,Sunday,,Closed
2025-06-16,Monday,741.698028841801,Open
2025-06-17,Tuesday,741.6980229711007,Open
2025-06-18,Wednesday,741.698028841801,Open
2025-06-19,Thursday,741.698028841801,Open
2025-06-20,Friday,741.6980347125013,Open
2025-06-21,Saturday,,Closed
2025-06-22,Sunday,,Closed
2025-06-23,Monday,741.6980229711007,Open
2025-06-24,Tuesday,741.6980171004004,Open
2025-06-25,Wednesday,741.6980229711007,Open
2025-06-26,Thursday,741.698028841801,Open
2025-06-27,Friday,741.698028841801,Open
2025-06-28,Saturday,,Closed
2025-06-29,Sunday,,Closed
2025-06-30,Monday,741.6980229711007,Open
2025-07-01,Tuesday,741.6980229711007,Open
2025-07-02,Wednesday,741.698028841801,Open
2025-07-03,Thursday,741.698028841801,Open
2025-07-04,Friday,741.698028841801,Open
2025-07-05,Saturday,,Closed
2025-07-06,Sunday,,Closed
2025-07-07,Monday,741.698028841801,Open
2025-07-08,Tuesday,741.698028841801,Open
2025-07-09,Wednesday,741.6980347125013,Open
2025-07-10,Thursday,741.6980347125013,Open
2025-07-11,Friday,741.698028841801,Open
2025-07-12,Saturday,,Closed
2025-07-13,Sunday,,Closed
2025-07-14,Monday,741.6980347125013,Open
2025-07-15,Tuesday,741.6980347125013,Open
2025-07-16,Wednesday,741.698028841801,Open
2025-07-17,Thursday,741.6980405832016,Open
2025-07-18,Friday,741.698028841801,Open
2025-07-19,Saturday,,Closed
2025-07-20,Sunday,,Closed
2025-07-21,Monday,741.698028841801,Open
2025-07-22,Tuesday,741.6980347125013,Open
2025-07-23,Wednesday,741.6980405832016,Open
2025-07-24,Thursday,741.6980347125013,Open
2025-07-25,Friday,741.6980347125013,Open
2025-07-26,Saturday,,Closed
2025-07-27,Sunday,,Closed
2025-07-28,Monday,741.6980229711007,Open
2025-07-29,Tuesday,741.698028841801,Open
2025-07-30,Wednesday,741.6980405832016,Open
2025-07-31,Thursday,741.698028841801,Open
2025-08-01,Friday,741.6980347125013,Open
2025-08-02,Saturday,,Closed
2025-08-03,Sunday,,Closed
2025-08-04,Monday,741.6980405832016,Open
2025-08-05,Tuesday,741.6980347125013,Open
2025-08-06,Wednesday,741.6980347125013,Open
2025-08-07,Thursday,741.6980405832016,Open
2025-08-08,Friday,741.6980347125013,Open
2025-08-09,Saturday,,Closed
2025-08-10,Sunday,,Closed
2025-08-11,Monday,741.698028841801,Open
2025-08-12,Tuesday,741.6980347125013,Open
2025-08-13,Wednesday,741.698028841801,Open
2025-08-14,Thursday,741.698028841801,Open
2025-08-15,Friday,,Closed
2025-08-16,Saturday,,Closed
2025-08-17,Sunday,,Closed
2025-08-18,Monday,741.6980347125013,Open
2025-08-19,Tuesday,741.6980347125013,Open
2025-08-20,Wednesday,741.6980347125013,Open
2025-08-21,Thursday,741.698028841801,Open
2025-08-22,Friday,741.6980347125013,Open
2025-08-23,Saturday,,Closed
2025-08-24,Sunday,,Closed
2025-08-25,Monday,741.6980347125013,Open
2025-08-26,Tuesday,741.6980347125013,Open
2025-08-27,Wednesday,741.698028841801,Open
2025-08-28,Thursday,741.698028841801,Open
2025-08-29,Friday,741.6980229711007,Open
2025-08-30,Saturday,,Closed
2025-08-31,Sunday,,Closed
2025-09-01,Monday,741.698028841801,Open
2025-09-02,Tuesday,741.698028841801,Open
2025-09-03,Wednesday,741.6980347125013,Open
2025-09-04,Thursday,741.6980405832016,Open
2025-09-05,Friday,741.6980347125013,Open
2025-09-06,Saturday,,Closed
2025-09-07,Sunday,,Closed
2025-09-08,Monday,741.6980405832016,Open
2025-09-09,Tuesday,741.698028841801,Open
2025-09-10,Wednesday,741.6980347125013,Open
2025-09-11,Thursday,741.6980347125013,Open
2025-09-12,Friday,741.6980347125013,Open
2025-09-13,Saturday,,Closed
2025-09-14,Sunday,,Closed
2025-09-15,Monday,741.6980347125013,Open
2025-09-16,Tuesday,741.6980405832016,Open
2025-09-17,Wednesday,741.6980347125013,Open
2025-09-18,Thursday,741.698028841801,Open
2025-09-19,Friday,741.698028841801,Open
2025-09-20,Saturday,,Closed
2025-09-21,Sunday,,Closed
2025-09-22,Monday,741.698028841801,Open
2025-09-23,Tuesday,741.6980171004004,Open
2025-09-24,Wednesday,741.6980405832016,Open
2025-09-25,Thursday,741.6980347125013,Open
2025-09-26,Friday,741.6980405832016,Open
2025-09-27,Saturday,,Closed
2025-09-28,Sunday,,Closed
2025-09-29,Monday,741.698028841801,Open
2025-09-30,Tuesday,741.6980347125013,Open
2025-10-01,Wednesday,741.6980405832016,Open
2025-10-02,Thursday,,Closed
2025-10-03,Friday,741.6980405832016,Open
2025-10-04,Saturday,,Closed
2025-10-05,Sunday,,Closed
2025-10-06,Monday,741.698028841801,Open
2025-10-07,Tuesday,741.6980405832016,Open
2025-10-08,Wednesday,741.6980405832016,Open
2025-10-09,Thursday,741.698028841801,Open
2025-10-10,Friday,741.6980347125013,Open
2025-10-11,Saturday,,Closed
2025-10-12,Sunday,,Closed
2025-10-13,Monday,741.698028841801,Open
2025-10-14,Tuesday,741.6980347125013,Open
2025-10-15,Wednesday,741.6980347125013,Open
2025-10-16,Thursday,741.6980347125013,Open
2025-10-17,Friday,741.6980347125013,Open
2025-10-18,Saturday,,Closed
2025-10-19,Sunday,,Closed
2025-10-20,Monday,,Closed
2025-10-21,Tuesday,741.6980347125013,Open
2025-10-22,Wednesday,741.698028841801,Open
2025-10-23,Thursday,741.6980347125013,Open
2025-10-24,Friday,741.6980347125013,Open
2025-10-25,Saturday,,Closed
2025-10-26,Sunday,,Closed
2025-10-27,Monday,741.6980229711007,Open
2025-10-28,Tuesday,741.6980347125013,Open
2025-10-29,Wednesday,741.698028841801,Open
2025-10-30,Thursday,741.6980347125013,Open
2025-10-31,Friday,741.6980347125013,Open
2025-11-01,Saturday,,Closed
2025-11-02,Sunday,,Closed
2025-11-03,Monday,741.6980347125013,Open
2025-11-04,Tuesday,741.698028841801,Open
2025-11-05,Wednesday,741.698028841801,Open
2025-11-06,Thursday,741.698028841801,Open
2025-11-07,Friday,741.698028841801,Open
2025-11-08,Saturday,,Closed
2025-11-09,Sunday,,Closed
2025-11-10,Monday,741.6980229711007,Open
2025-11-11,Tuesday,741.6980347125013,Open
2025-11-12,Wednesday,741.6980347125013,Open
2025-11-13,Thursday,741.6980405832016,Open
2025-11-14,Friday,741.698028841801,Open
2025-11-15,Saturday,,Closed
2025-11-16,Sunday,,Closed
2025-11-17,Monday,741.6980229711007,Open
2025-11-18,Tuesday,741.6980347125013,Open
2025-11-19,Wednesday,741.698028841801,Open
2025-11-20,Thursday,741.6980405832016,Open
2025-11-21,Friday,741.6980347125013,Open
2025-11-22,Saturday,,Closed
2025-11-23,Sunday,,Closed
2025-11-24,Monday,741.6980347125013,Open
2025-11-25,Tuesday,741.6980347125013,Open
2025-11-26,Wednesday,741.6980405832016,Open
2025-11-27,Thursday,741.698028841801,Open
2025-11-28,Friday,741.6980405832016,Open
2025-11-29,Saturday,,Closed
2025-11-30,Sunday,,Closed
2025-12-01,Monday,741.6980405832016,Open
2025-12-02,Tuesday,741.698028841801,Open
2025-12-03,Wednesday,741.698028841801,Open
2025-12-04,Thursday,741.6980405832016,Open
2025-12-05,Friday,741.6980347125013,Open
2025-12-06,Saturday,,Closed
2025-12-07,Sunday,,Closed
2025-12-08,Monday,741.698028841801,Open
2025-12-09,Tuesday,741.698028841801,Open
2025-12-10,Wednesday,741.6980347125013,Open
2025-12-11,Thursday,741.6980347125013,Open
2025-12-12,Friday,741.6980347125013,Open
2025-12-13,Saturday,,Closed
2025-12-14,Sunday,,Closed
2025-12-15,Monday,741.6980347125013,Open
2025-12-16,Tuesday,741.6980229711007,Open
2025-12-17,Wednesday,741.698028841801,Open
2025-12-18,Thursday,741.698028841801,Open
2025-12-19,Friday,741.6980229711007,Open
2025-12-20,Saturday,,Closed
2025-12-21,Sunday,,Closed
2025-12-22,Monday,741.6980405832016,Open
2025-12-23,Tuesday,741.6980347125013,Open
2025-12-24,Wednesday,741.698028841801,Open
2025-12-25,Thursday,,Closed
2025-12-26,Friday,741.698028841801,Open
2025-12-27,Saturday,,Closed
2025-12-28,Sunday,,Closed
2025-12-29,Monday,741.6980347125013,Open
2025-12-30,Tuesday,741.6980229711007,Open
2025-12-31,Wednesday,741.6980347125013,Open
