Date,Day,Predicted_Price,Market_Status
2025-01-01,Wednesday,2975.7835237656363,Open
2025-01-02,Thursday,2886.9206058832024,Open
2025-01-03,Friday,2740.737918743165,Open
2025-01-04,Saturday,,Closed
2025-01-05,Sunday,,Closed
2025-01-06,Monday,2561.4004820251066,Open
2025-01-07,Tuesday,2366.834374421778,Open
2025-01-08,Wednesday,2170.2532767890116,Open
2025-01-09,Thursday,1980.6602154174834,Open
2025-01-10,Friday,1803.7871085724,Open
2025-01-11,Saturday,,Closed
2025-01-12,Sunday,,Closed
2025-01-13,Monday,1642.9922729694918,Open
2025-01-14,Tuesday,1499.9216259860314,Open
2025-01-15,Wednesday,1374.9744015756924,Open
2025-01-16,Thursday,1267.6503718643544,Open
2025-01-17,Friday,1176.8270182676897,Open
2025-01-18,Saturday,,Closed
2025-01-19,Sunday,,Closed
2025-01-20,Monday,1100.9892853276106,Open
2025-01-21,Tuesday,1038.4173678107186,Open
2025-01-22,Wednesday,987.3334843027587,Open
2025-01-23,Thursday,946.0098126279545,Open
2025-01-24,Friday,912.8405690047189,Open
2025-01-25,Saturday,,Closed
2025-01-26,Sunday,,Closed
2025-01-27,Monday,886.3848058081671,Open
2025-01-28,Tuesday,865.3853173778286,Open
2025-01-29,Wednesday,848.7707909046264,Open
2025-01-30,Thursday,835.646775149753,Open
2025-01-31,Friday,825.2791088381691,Open
2025-02-01,Saturday,,Closed
2025-02-02,Sunday,,Closed
2025-02-03,Monday,817.0744893500957,Open
2025-02-04,Tuesday,810.5598070966826,Open
2025-02-05,Wednesday,805.3622498154475,Open
2025-02-06,Thursday,801.1907878329248,Open
2025-02-07,Friday,797.8201524008573,Open
2025-02-08,Saturday,,Closed
2025-02-09,Sunday,,Closed
2025-02-10,Monday,795.0771115707535,Open
2025-02-11,Tuesday,792.8289213973212,Open
2025-02-12,Wednesday,790.9739035869839,Open
2025-02-13,Thursday,789.4342106962217,Open
2025-02-14,Friday,788.1498867504811,Open
2025-02-15,Saturday,,Closed
2025-02-16,Sunday,,Closed
2025-02-17,Monday,787.0744554816763,Open
2025-02-18,Tuesday,786.171486241592,Open
2025-02-19,Wednesday,785.4120520445435,Open
2025-02-20,Thursday,784.7728597622188,Open
2025-02-21,Friday,784.2349424821621,Open
2025-02-22,Saturday,,Closed
2025-02-23,Sunday,,Closed
2025-02-24,Monday,783.7825840642845,Open
2025-02-25,Tuesday,783.4026836515291,Open
2025-02-26,Wednesday,783.0840957386383,Open
2025-02-27,Thursday,782.8174590788719,Open
2025-02-28,Friday,782.5947200670055,Open
2025-03-01,Saturday,,Closed
2025-03-02,Sunday,,Closed
2025-03-03,Monday,782.4089738669968,Open
2025-03-04,Tuesday,782.254366644396,Open
2025-03-05,Wednesday,782.125826705473,Open
2025-03-06,Thursday,782.0191256019612,Open
2025-03-07,Friday,781.9306459330314,Open
2025-03-08,Saturday,,Closed
2025-03-09,Sunday,,Closed
2025-03-10,Monday,781.857283577702,Open
2025-03-11,Tuesday,781.7964843576847,Open
2025-03-12,Wednesday,781.746097386,Open
2025-03-13,Thursday,781.7042895203358,Open
2025-03-14,Friday,,Closed
2025-03-15,Saturday,,Closed
2025-03-16,Sunday,,Closed
2025-03-17,Monday,781.6695453630475,Open
2025-03-18,Tuesday,781.6406672611579,Open
2025-03-19,Wednesday,781.6166286549721,Open
2025-03-20,Thursday,781.5965496361805,Open
2025-03-21,Friday,781.5797947154481,Open
2025-03-22,Saturday,,Closed
2025-03-23,Sunday,,Closed
2025-03-24,Monday,781.5657284034401,Open
2025-03-25,Tuesday,781.5539229669503,Open
2025-03-26,Wednesday,781.5439873356188,Open
2025-03-27,Thursday,781.5355915438295,Open
2025-03-28,Friday,781.5285522773511,Open
2025-03-29,Saturday,,Closed
2025-03-30,Sunday,,Closed
2025-03-31,Monday,781.5225517915162,Open
2025-04-01,Tuesday,781.5174800977861,Open
2025-04-02,Wednesday,781.5131783238271,Open
2025-04-03,Thursday,781.5095364811004,Open
2025-04-04,Friday,781.5064323601187,Open
2025-04-05,Saturday,,Closed
2025-04-06,Sunday,,Closed
2025-04-07,Monday,781.5038170770868,Open
2025-04-08,Tuesday,781.5015684225173,Open
2025-04-09,Wednesday,781.4996619545127,Open
2025-04-10,Thursday,,Closed
2025-04-11,Friday,781.4980487892781,Open
2025-04-12,Saturday,,Closed
2025-04-13,Sunday,,Closed
2025-04-14,Monday,,Closed
2025-04-15,Tuesday,781.4966800430184,Open
2025-04-16,Wednesday,781.4954579481437,Open
2025-04-17,Thursday,781.4944802722439,Open
2025-04-18,Friday,781.4936125848828,Open
2025-04-19,Saturday,,Closed
2025-04-20,Sunday,,Closed
2025-04-21,Monday,781.4928915489068,Open
2025-04-22,Tuesday,781.4922682805206,Open
2025-04-23,Wednesday,781.4917305587758,Open
2025-04-24,Thursday,781.4912661627234,Open
2025-04-25,Friday,781.4908873133122,Open
2025-04-26,Saturday,,Closed
2025-04-27,Sunday,,Closed
2025-04-28,Monday,781.4905329057985,Open
2025-04-29,Tuesday,781.4902396030286,Open
2025-04-30,Wednesday,781.4900074050024,Open
2025-05-01,Thursday,,Closed
2025-05-02,Friday,781.4897629860275,Open
2025-05-03,Saturday,,Closed
2025-05-04,Sunday,,Closed
2025-05-05,Monday,781.489591892745,Open
2025-05-06,Tuesday,781.4894207994626,Open
2025-05-07,Wednesday,781.4892741480776,Open
2025-05-08,Thursday,781.4891763804876,Open
2025-05-09,Friday,781.4890419500514,Open
2025-05-10,Saturday,,Closed
2025-05-11,Sunday,,Closed
2025-05-12,Monday,781.4889441824614,Open
2025-05-13,Tuesday,781.4888708567689,Open
2025-05-14,Wednesday,781.4888097520252,Open
2025-05-15,Thursday,781.4887486472815,Open
2025-05-16,Friday,781.4886997634865,Open
2025-05-17,Saturday,,Closed
2025-05-18,Sunday,,Closed
2025-05-19,Monday,781.4886386587427,Open
2025-05-20,Tuesday,781.488626437794,Open
2025-05-21,Wednesday,781.4885653330502,Open
2025-05-22,Thursday,781.4885531121015,Open
2025-05-23,Friday,781.488528670204,Open
2025-05-24,Saturday,,Closed
2025-05-25,Sunday,,Closed
2025-05-26,Monday,781.4884675654603,Open
2025-05-27,Tuesday,781.4884553445115,Open
2025-05-28,Wednesday,781.4884431235628,Open
2025-05-29,Thursday,781.4884431235628,Open
2025-05-30,Friday,781.488430902614,Open
2025-05-31,Saturday,,Closed
2025-06-01,Sunday,,Closed
2025-06-02,Monday,781.4884186816653,Open
2025-06-03,Tuesday,781.4883942397678,Open
2025-06-04,Wednesday,781.4883697978703,Open
2025-06-05,Thursday,781.4883697978703,Open
2025-06-06,Friday,781.4883575769215,Open
2025-06-07,Saturday,,Closed
2025-06-08,Sunday,,Closed
2025-06-09,Monday,781.4883575769215,Open
2025-06-10,Tuesday,781.4883453559728,Open
2025-06-11,Wednesday,781.4883453559728,Open
2025-06-12,Thursday,781.4883453559728,Open
2025-06-13,Friday,781.4883453559728,Open
2025-06-14,Saturday,,Closed
2025-06-15,Sunday,,Closed
2025-06-16,Monday,781.4883575769215,Open
2025-06-17,Tuesday,781.488333135024,Open
2025-06-18,Wednesday,781.488333135024,Open
2025-06-19,Thursday,781.4883453559728,Open
2025-06-20,Friday,781.4883209140753,Open
2025-06-21,Saturday,,Closed
2025-06-22,Sunday,,Closed
2025-06-23,Monday,781.488333135024,Open
2025-06-24,Tuesday,781.4883209140753,Open
2025-06-25,Wednesday,781.488333135024,Open
2025-06-26,Thursday,781.4883209140753,Open
2025-06-27,Friday,781.488333135024,Open
2025-06-28,Saturday,,Closed
2025-06-29,Sunday,,Closed
2025-06-30,Monday,781.488333135024,Open
2025-07-01,Tuesday,781.4883209140753,Open
2025-07-02,Wednesday,781.488333135024,Open
2025-07-03,Thursday,781.488333135024,Open
2025-07-04,Friday,781.4883209140753,Open
2025-07-05,Saturday,,Closed
2025-07-06,Sunday,,Closed
2025-07-07,Monday,781.4883209140753,Open
2025-07-08,Tuesday,781.488333135024,Open
2025-07-09,Wednesday,781.4883209140753,Open
2025-07-10,Thursday,781.488333135024,Open
2025-07-11,Friday,781.488333135024,Open
2025-07-12,Saturday,,Closed
2025-07-13,Sunday,,Closed
2025-07-14,Monday,781.4883453559728,Open
2025-07-15,Tuesday,781.4883453559728,Open
2025-07-16,Wednesday,781.488333135024,Open
2025-07-17,Thursday,781.488333135024,Open
2025-07-18,Friday,781.4883209140753,Open
2025-07-19,Saturday,,Closed
2025-07-20,Sunday,,Closed
2025-07-21,Monday,781.4883209140753,Open
2025-07-22,Tuesday,781.4883209140753,Open
2025-07-23,Wednesday,781.488333135024,Open
2025-07-24,Thursday,781.4883209140753,Open
2025-07-25,Friday,781.4883209140753,Open
2025-07-26,Saturday,,Closed
2025-07-27,Sunday,,Closed
2025-07-28,Monday,781.4883209140753,Open
2025-07-29,Tuesday,781.4883209140753,Open
2025-07-30,Wednesday,781.4883209140753,Open
2025-07-31,Thursday,781.4883209140753,Open
2025-08-01,Friday,781.488333135024,Open
2025-08-02,Saturday,,Closed
2025-08-03,Sunday,,Closed
2025-08-04,Monday,781.488333135024,Open
2025-08-05,Tuesday,781.488333135024,Open
2025-08-06,Wednesday,781.4883209140753,Open
2025-08-07,Thursday,781.4883209140753,Open
2025-08-08,Friday,781.4883086931266,Open
2025-08-09,Saturday,,Closed
2025-08-10,Sunday,,Closed
2025-08-11,Monday,781.4883209140753,Open
2025-08-12,Tuesday,781.4883209140753,Open
2025-08-13,Wednesday,781.488333135024,Open
2025-08-14,Thursday,781.4883086931266,Open
2025-08-15,Friday,,Closed
2025-08-16,Saturday,,Closed
2025-08-17,Sunday,,Closed
2025-08-18,Monday,781.4883453559728,Open
2025-08-19,Tuesday,781.4883209140753,Open
2025-08-20,Wednesday,781.4883086931266,Open
2025-08-21,Thursday,781.4883209140753,Open
2025-08-22,Friday,781.488333135024,Open
2025-08-23,Saturday,,Closed
2025-08-24,Sunday,,Closed
2025-08-25,Monday,781.4883209140753,Open
2025-08-26,Tuesday,781.4883209140753,Open
2025-08-27,Wednesday,781.4883209140753,Open
2025-08-28,Thursday,781.4883209140753,Open
2025-08-29,Friday,781.4883209140753,Open
2025-08-30,Saturday,,Closed
2025-08-31,Sunday,,Closed
2025-09-01,Monday,781.4883209140753,Open
2025-09-02,Tuesday,781.4883086931266,Open
2025-09-03,Wednesday,781.4883086931266,Open
2025-09-04,Thursday,781.4883209140753,Open
2025-09-05,Friday,781.4883209140753,Open
2025-09-06,Saturday,,Closed
2025-09-07,Sunday,,Closed
2025-09-08,Monday,781.488333135024,Open
2025-09-09,Tuesday,781.4883209140753,Open
2025-09-10,Wednesday,781.4883086931266,Open
2025-09-11,Thursday,781.488333135024,Open
2025-09-12,Friday,781.4883209140753,Open
2025-09-13,Saturday,,Closed
2025-09-14,Sunday,,Closed
2025-09-15,Monday,781.4883209140753,Open
2025-09-16,Tuesday,781.4883209140753,Open
2025-09-17,Wednesday,781.488333135024,Open
2025-09-18,Thursday,781.4883209140753,Open
2025-09-19,Friday,781.488333135024,Open
2025-09-20,Saturday,,Closed
2025-09-21,Sunday,,Closed
2025-09-22,Monday,781.4883086931266,Open
2025-09-23,Tuesday,781.4883209140753,Open
2025-09-24,Wednesday,781.488333135024,Open
2025-09-25,Thursday,781.4883209140753,Open
2025-09-26,Friday,781.4883209140753,Open
2025-09-27,Saturday,,Closed
2025-09-28,Sunday,,Closed
2025-09-29,Monday,781.4883086931266,Open
2025-09-30,Tuesday,781.4883086931266,Open
2025-10-01,Wednesday,781.4883209140753,Open
2025-10-02,Thursday,,Closed
2025-10-03,Friday,781.488333135024,Open
2025-10-04,Saturday,,Closed
2025-10-05,Sunday,,Closed
2025-10-06,Monday,781.4883209140753,Open
2025-10-07,Tuesday,781.4883209140753,Open
2025-10-08,Wednesday,781.4883209140753,Open
2025-10-09,Thursday,781.4883209140753,Open
2025-10-10,Friday,781.4883209140753,Open
2025-10-11,Saturday,,Closed
2025-10-12,Sunday,,Closed
2025-10-13,Monday,781.4883209140753,Open
2025-10-14,Tuesday,781.4883209140753,Open
2025-10-15,Wednesday,781.4883086931266,Open
2025-10-16,Thursday,781.4883209140753,Open
2025-10-17,Friday,781.488333135024,Open
2025-10-18,Saturday,,Closed
2025-10-19,Sunday,,Closed
2025-10-20,Monday,,Closed
2025-10-21,Tuesday,781.4883209140753,Open
2025-10-22,Wednesday,781.4883086931266,Open
2025-10-23,Thursday,781.4883209140753,Open
2025-10-24,Friday,781.4883086931266,Open
2025-10-25,Saturday,,Closed
2025-10-26,Sunday,,Closed
2025-10-27,Monday,781.488333135024,Open
2025-10-28,Tuesday,781.4883209140753,Open
2025-10-29,Wednesday,781.4883209140753,Open
2025-10-30,Thursday,781.4883209140753,Open
2025-10-31,Friday,781.4883086931266,Open
2025-11-01,Saturday,,Closed
2025-11-02,Sunday,,Closed
2025-11-03,Monday,781.4883209140753,Open
2025-11-04,Tuesday,781.4883086931266,Open
2025-11-05,Wednesday,781.4883209140753,Open
2025-11-06,Thursday,781.4882964721778,Open
2025-11-07,Friday,781.4883086931266,Open
2025-11-08,Saturday,,Closed
2025-11-09,Sunday,,Closed
2025-11-10,Monday,781.4883209140753,Open
2025-11-11,Tuesday,781.4883209140753,Open
2025-11-12,Wednesday,781.488333135024,Open
2025-11-13,Thursday,781.4883209140753,Open
2025-11-14,Friday,781.4883086931266,Open
2025-11-15,Saturday,,Closed
2025-11-16,Sunday,,Closed
2025-11-17,Monday,781.4883086931266,Open
2025-11-18,Tuesday,781.4883086931266,Open
2025-11-19,Wednesday,781.4883086931266,Open
2025-11-20,Thursday,781.4883209140753,Open
2025-11-21,Friday,781.4883209140753,Open
2025-11-22,Saturday,,Closed
2025-11-23,Sunday,,Closed
2025-11-24,Monday,781.488333135024,Open
2025-11-25,Tuesday,781.4883209140753,Open
2025-11-26,Wednesday,781.4883086931266,Open
2025-11-27,Thursday,781.4883209140753,Open
2025-11-28,Friday,781.4883209140753,Open
2025-11-29,Saturday,,Closed
2025-11-30,Sunday,,Closed
2025-12-01,Monday,781.4883086931266,Open
2025-12-02,Tuesday,781.4883209140753,Open
2025-12-03,Wednesday,781.4883209140753,Open
2025-12-04,Thursday,781.4883086931266,Open
2025-12-05,Friday,781.4883209140753,Open
2025-12-06,Saturday,,Closed
2025-12-07,Sunday,,Closed
2025-12-08,Monday,781.488333135024,Open
2025-12-09,Tuesday,781.4883209140753,Open
2025-12-10,Wednesday,781.4883209140753,Open
2025-12-11,Thursday,781.4883209140753,Open
2025-12-12,Friday,781.4883209140753,Open
2025-12-13,Saturday,,Closed
2025-12-14,Sunday,,Closed
2025-12-15,Monday,781.4883209140753,Open
2025-12-16,Tuesday,781.4883086931266,Open
2025-12-17,Wednesday,781.4883086931266,Open
2025-12-18,Thursday,781.4883209140753,Open
2025-12-19,Friday,781.4883086931266,Open
2025-12-20,Saturday,,Closed
2025-12-21,Sunday,,Closed
2025-12-22,Monday,781.4883086931266,Open
2025-12-23,Tuesday,781.4883209140753,Open
2025-12-24,Wednesday,781.4883086931266,Open
2025-12-25,Thursday,,Closed
2025-12-26,Friday,781.4883209140753,Open
2025-12-27,Saturday,,Closed
2025-12-28,Sunday,,Closed
2025-12-29,Monday,781.4883209140753,Open
2025-12-30,Tuesday,781.4883209140753,Open
2025-12-31,Wednesday,781.4883209140753,Open
