Date,Day,Predicted_Price,Market_Status
2025-01-01,Wednesday,10447.708145099692,Open
2025-01-02,Thursday,10146.171426768415,Open
2025-01-03,Friday,9611.49216872733,Open
2025-01-04,Saturday,,Closed
2025-01-05,Sunday,,Closed
2025-01-06,Monday,8962.078802144155,Open
2025-01-07,Tuesday,8280.80844086362,Open
2025-01-08,Wednesday,7621.2060731339725,Open
2025-01-09,Thursday,7013.575063214636,Open
2025-01-10,Friday,6472.105908724944,Open
2025-01-11,Saturday,,Closed
2025-01-12,Sunday,,Closed
2025-01-13,Monday,6000.777690869639,Open
2025-01-14,Tuesday,5597.630929256905,Open
2025-01-15,Wednesday,5257.588342989678,Open
2025-01-16,Thursday,4974.193295731442,Open
2025-01-17,Friday,4740.613064511388,Open
2025-01-18,Saturday,,Closed
2025-01-19,Sunday,,Closed
2025-01-20,Monday,4550.174653699738,Open
2025-01-21,Tuesday,4396.624574605143,Open
2025-01-22,Wednesday,4274.243519611249,Open
2025-01-23,Thursday,4177.8879269122845,Open
2025-01-24,Friday,4102.998367682914,Open
2025-01-25,Saturday,,Closed
2025-01-26,Sunday,,Closed
2025-01-27,Monday,4045.590194012737,Open
2025-01-28,Tuesday,4002.2321627565543,Open
2025-01-29,Wednesday,3970.0141486415523,Open
2025-01-30,Thursday,3946.5056537544588,Open
2025-01-31,Friday,3929.7071545340877,Open
2025-02-01,Saturday,,Closed
2025-02-02,Sunday,,Closed
2025-02-03,Monday,3917.998331408715,Open
2025-02-04,Tuesday,3910.085296426434,Open
2025-02-05,Wednesday,3904.949528008583,Open
2025-02-06,Thursday,3901.8012219563243,Open
2025-02-07,Friday,3900.0370958217536,Open
2025-02-08,Saturday,,Closed
2025-02-09,Sunday,,Closed
2025-02-10,Monday,3899.2037599846662,Open
2025-02-11,Tuesday,3898.966989437322,Open
2025-02-12,Wednesday,3899.08522626551,Open
2025-02-13,Thursday,3899.3885746125306,Open
2025-02-14,Friday,3899.7616552257678,Open
2025-02-15,Saturday,,Closed
2025-02-16,Sunday,,Closed
2025-02-17,Monday,3900.129725803912,Open
2025-02-18,Tuesday,3900.4477702538716,Open
2025-02-19,Wednesday,3900.6920372981695,Open
2025-02-20,Thursday,3900.8533975395258,Open
2025-02-21,Friday,3900.932778762217,Open
2025-02-22,Saturday,,Closed
2025-02-23,Sunday,,Closed
2025-02-24,Monday,3900.9369723471464,Open
2025-02-25,Tuesday,3900.8765550350654,Open
2025-02-26,Wednesday,3900.763216907857,Open
2025-02-27,Thursday,3900.609130495228,Open
2025-02-28,Friday,3900.426022990432,Open
2025-03-01,Saturday,,Closed
2025-03-02,Sunday,,Closed
2025-03-03,Monday,3900.223840240913,Open
2025-03-04,Tuesday,3900.011860089435,Open
2025-03-05,Wednesday,3899.7971708078694,Open
2025-03-06,Thursday,3899.585821549699,Open
2025-03-07,Friday,3899.382377013564,Open
2025-03-08,Saturday,,Closed
2025-03-09,Sunday,,Closed
2025-03-10,Monday,3899.189917443262,Open
2025-03-11,Tuesday,3899.0107437437982,Open
2025-03-12,Wednesday,3898.84615481316,Open
2025-03-13,Thursday,3898.696855767397,Open
2025-03-14,Friday,,Closed
2025-03-15,Saturday,,Closed
2025-03-16,Sunday,,Closed
2025-03-17,Monday,3898.5626610496547,Open
2025-03-18,Tuesday,3898.443236657593,Open
2025-03-19,Wednesday,3898.337914586533,Open
2025-03-20,Thursday,3898.245618606714,Open
2025-03-21,Friday,3898.1653467111173,Open
2025-03-22,Saturday,,Closed
2025-03-23,Sunday,,Closed
2025-03-24,Monday,3898.0960226699826,Open
2025-03-25,Tuesday,3898.036570253549,Open
2025-03-26,Wednesday,3897.985727675201,Open
2025-03-27,Thursday,3897.9425300392904,Open
2025-03-28,Friday,3897.9060124501702,Open
2025-03-29,Saturday,,Closed
2025-03-30,Sunday,,Closed
2025-03-31,Monday,3897.875210012193,Open
2025-04-01,Tuesday,3897.849306275195,Open
2025-04-02,Wednesday,3897.8277074572397,Open
2025-04-03,Thursday,3897.809671330906,Open
2025-04-04,Friday,3897.794678336999,Open
2025-04-05,Saturday,,Closed
2025-04-06,Sunday,,Closed
2025-04-07,Monday,3897.7822089163237,Open
2025-04-08,Tuesday,3897.7718177324277,Open
2025-04-09,Wednesday,3897.7632821170846,Open
2025-04-10,Thursday,,Closed
2025-04-11,Friday,3897.7561567338416,Open
2025-04-12,Saturday,,Closed
2025-04-13,Sunday,,Closed
2025-04-14,Monday,,Closed
2025-04-15,Tuesday,3897.7502931372146,Open
2025-04-16,Wednesday,3897.745468658977,Open
2025-04-17,Thursday,3897.741423519532,Open
2025-04-18,Friday,3897.738120607508,Open
2025-04-19,Saturday,,Closed
2025-04-20,Sunday,,Closed
2025-04-21,Monday,3897.7353001433075,Open
2025-04-22,Tuesday,3897.732962126931,Open
2025-04-23,Wednesday,3897.731032335636,Open
2025-04-24,Thursday,3897.7294365466805,Open
2025-04-25,Friday,3897.7281005373225,Open
2025-04-26,Saturday,,Closed
2025-04-27,Sunday,,Closed
2025-04-28,Monday,3897.7269500848197,Open
2025-04-29,Tuesday,3897.7260223005433,Open
2025-04-30,Wednesday,3897.725280073122,Open
2025-05-01,Thursday,,Closed
2025-05-02,Friday,3897.724537845701,Open
2025-05-03,Saturday,,Closed
2025-05-04,Sunday,,Closed
2025-05-05,Monday,3897.723981175135,Open
2025-05-06,Tuesday,3897.7234987273114,Open
2025-05-07,Wednesday,3897.7230533908587,Open
2025-05-08,Thursday,3897.7227564998902,Open
2025-05-09,Friday,3897.722459608922,Open
2025-05-10,Saturday,,Closed
2025-05-11,Sunday,,Closed
2025-05-12,Monday,3897.7221998293244,Open
2025-05-13,Tuesday,3897.721940049727,Open
2025-05-14,Wednesday,3897.7217916042428,Open
2025-05-15,Thursday,3897.7216431587585,Open
2025-05-16,Friday,3897.7214947132743,Open
2025-05-17,Saturday,,Closed
2025-05-18,Sunday,,Closed
2025-05-19,Monday,3897.72134626779,Open
2025-05-20,Tuesday,3897.721272045048,Open
2025-05-21,Wednesday,3897.721197822306,Open
2025-05-22,Thursday,3897.7211235995637,Open
2025-05-23,Friday,3897.721160710935,Open
2025-05-24,Saturday,,Closed
2025-05-25,Sunday,,Closed
2025-05-26,Monday,3897.7210493768216,Open
2025-05-27,Tuesday,3897.7210122654506,Open
2025-05-28,Wednesday,3897.7209751540795,Open
2025-05-29,Thursday,3897.7209751540795,Open
2025-05-30,Friday,3897.7209009313374,Open
2025-05-31,Saturday,,Closed
2025-06-01,Sunday,,Closed
2025-06-02,Monday,3897.7209009313374,Open
2025-06-03,Tuesday,3897.7208638199663,Open
2025-06-04,Wednesday,3897.7209009313374,Open
2025-06-05,Thursday,3897.7208638199663,Open
2025-06-06,Friday,3897.7208267085953,Open
2025-06-07,Saturday,,Closed
2025-06-08,Sunday,,Closed
2025-06-09,Monday,3897.7208638199663,Open
2025-06-10,Tuesday,3897.7209009313374,Open
2025-06-11,Wednesday,3897.7209009313374,Open
2025-06-12,Thursday,3897.7209009313374,Open
2025-06-13,Friday,3897.7209009313374,Open
2025-06-14,Saturday,,Closed
2025-06-15,Sunday,,Closed
2025-06-16,Monday,3897.7209009313374,Open
2025-06-17,Tuesday,3897.7208267085953,Open
2025-06-18,Wednesday,3897.7209009313374,Open
2025-06-19,Thursday,3897.7209009313374,Open
2025-06-20,Friday,3897.7208267085953,Open
2025-06-21,Saturday,,Closed
2025-06-22,Sunday,,Closed
2025-06-23,Monday,3897.7208638199663,Open
2025-06-24,Tuesday,3897.7208267085953,Open
2025-06-25,Wednesday,3897.7208638199663,Open
2025-06-26,Thursday,3897.7209009313374,Open
2025-06-27,Friday,3897.7208638199663,Open
2025-06-28,Saturday,,Closed
2025-06-29,Sunday,,Closed
2025-06-30,Monday,3897.7208267085953,Open
2025-07-01,Tuesday,3897.7209009313374,Open
2025-07-02,Wednesday,3897.7208267085953,Open
2025-07-03,Thursday,3897.7208638199663,Open
2025-07-04,Friday,3897.7208267085953,Open
2025-07-05,Saturday,,Closed
2025-07-06,Sunday,,Closed
2025-07-07,Monday,3897.7209009313374,Open
2025-07-08,Tuesday,3897.720752485853,Open
2025-07-09,Wednesday,3897.7208267085953,Open
2025-07-10,Thursday,3897.7208267085953,Open
2025-07-11,Friday,3897.7208267085953,Open
2025-07-12,Saturday,,Closed
2025-07-13,Sunday,,Closed
2025-07-14,Monday,3897.7208267085953,Open
2025-07-15,Tuesday,3897.7208267085953,Open
2025-07-16,Wednesday,3897.720752485853,Open
2025-07-17,Thursday,3897.7208267085953,Open
2025-07-18,Friday,3897.7208267085953,Open
2025-07-19,Saturday,,Closed
2025-07-20,Sunday,,Closed
2025-07-21,Monday,3897.7208638199663,Open
2025-07-22,Tuesday,3897.720752485853,Open
2025-07-23,Wednesday,3897.7208267085953,Open
2025-07-24,Thursday,3897.7208267085953,Open
2025-07-25,Friday,3897.720752485853,Open
2025-07-26,Saturday,,Closed
2025-07-27,Sunday,,Closed
2025-07-28,Monday,3897.7208267085953,Open
2025-07-29,Tuesday,3897.720752485853,Open
2025-07-30,Wednesday,3897.720789597224,Open
2025-07-31,Thursday,3897.7209009313374,Open
2025-08-01,Friday,3897.7208267085953,Open
2025-08-02,Saturday,,Closed
2025-08-03,Sunday,,Closed
2025-08-04,Monday,3897.720789597224,Open
2025-08-05,Tuesday,3897.7208267085953,Open
2025-08-06,Wednesday,3897.7208267085953,Open
2025-08-07,Thursday,3897.7208267085953,Open
2025-08-08,Friday,3897.7208267085953,Open
2025-08-09,Saturday,,Closed
2025-08-10,Sunday,,Closed
2025-08-11,Monday,3897.720752485853,Open
2025-08-12,Tuesday,3897.720789597224,Open
2025-08-13,Wednesday,3897.720789597224,Open
2025-08-14,Thursday,3897.720789597224,Open
2025-08-15,Friday,,Closed
2025-08-16,Saturday,,Closed
2025-08-17,Sunday,,Closed
2025-08-18,Monday,3897.720752485853,Open
2025-08-19,Tuesday,3897.720752485853,Open
2025-08-20,Wednesday,3897.7208267085953,Open
2025-08-21,Thursday,3897.7208267085953,Open
2025-08-22,Friday,3897.7208267085953,Open
2025-08-23,Saturday,,Closed
2025-08-24,Sunday,,Closed
2025-08-25,Monday,3897.7208267085953,Open
2025-08-26,Tuesday,3897.7208267085953,Open
2025-08-27,Wednesday,3897.720789597224,Open
2025-08-28,Thursday,3897.7208267085953,Open
2025-08-29,Friday,3897.7208267085953,Open
2025-08-30,Saturday,,Closed
2025-08-31,Sunday,,Closed
2025-09-01,Monday,3897.720789597224,Open
2025-09-02,Tuesday,3897.7208267085953,Open
2025-09-03,Wednesday,3897.720752485853,Open
2025-09-04,Thursday,3897.7208267085953,Open
2025-09-05,Friday,3897.7208267085953,Open
2025-09-06,Saturday,,Closed
2025-09-07,Sunday,,Closed
2025-09-08,Monday,3897.7208267085953,Open
2025-09-09,Tuesday,3897.7208267085953,Open
2025-09-10,Wednesday,3897.7208267085953,Open
2025-09-11,Thursday,3897.7208267085953,Open
2025-09-12,Friday,3897.720789597224,Open
2025-09-13,Saturday,,Closed
2025-09-14,Sunday,,Closed
2025-09-15,Monday,3897.7208267085953,Open
2025-09-16,Tuesday,3897.7208267085953,Open
2025-09-17,Wednesday,3897.720789597224,Open
2025-09-18,Thursday,3897.7208267085953,Open
2025-09-19,Friday,3897.7208267085953,Open
2025-09-20,Saturday,,Closed
2025-09-21,Sunday,,Closed
2025-09-22,Monday,3897.7208267085953,Open
2025-09-23,Tuesday,3897.720789597224,Open
2025-09-24,Wednesday,3897.7208267085953,Open
2025-09-25,Thursday,3897.7208267085953,Open
2025-09-26,Friday,3897.720752485853,Open
2025-09-27,Saturday,,Closed
2025-09-28,Sunday,,Closed
2025-09-29,Monday,3897.7208267085953,Open
2025-09-30,Tuesday,3897.7208267085953,Open
2025-10-01,Wednesday,3897.7208267085953,Open
2025-10-02,Thursday,,Closed
2025-10-03,Friday,3897.7208267085953,Open
2025-10-04,Saturday,,Closed
2025-10-05,Sunday,,Closed
2025-10-06,Monday,3897.7208267085953,Open
2025-10-07,Tuesday,3897.720789597224,Open
2025-10-08,Wednesday,3897.7208267085953,Open
2025-10-09,Thursday,3897.720789597224,Open
2025-10-10,Friday,3897.720752485853,Open
2025-10-11,Saturday,,Closed
2025-10-12,Sunday,,Closed
2025-10-13,Monday,3897.7208267085953,Open
2025-10-14,Tuesday,3897.720789597224,Open
2025-10-15,Wednesday,3897.7208267085953,Open
2025-10-16,Thursday,3897.7208267085953,Open
2025-10-17,Friday,3897.7208267085953,Open
2025-10-18,Saturday,,Closed
2025-10-19,Sunday,,Closed
2025-10-20,Monday,,Closed
2025-10-21,Tuesday,3897.7208267085953,Open
2025-10-22,Wednesday,3897.7208267085953,Open
2025-10-23,Thursday,3897.7208267085953,Open
2025-10-24,Friday,3897.7208267085953,Open
2025-10-25,Saturday,,Closed
2025-10-26,Sunday,,Closed
2025-10-27,Monday,3897.720789597224,Open
2025-10-28,Tuesday,3897.720789597224,Open
2025-10-29,Wednesday,3897.720789597224,Open
2025-10-30,Thursday,3897.7208267085953,Open
2025-10-31,Friday,3897.7208267085953,Open
2025-11-01,Saturday,,Closed
2025-11-02,Sunday,,Closed
2025-11-03,Monday,3897.7208267085953,Open
2025-11-04,Tuesday,3897.720789597224,Open
2025-11-05,Wednesday,3897.7208267085953,Open
2025-11-06,Thursday,3897.720789597224,Open
2025-11-07,Friday,3897.7208267085953,Open
2025-11-08,Saturday,,Closed
2025-11-09,Sunday,,Closed
2025-11-10,Monday,3897.7208267085953,Open
2025-11-11,Tuesday,3897.720752485853,Open
2025-11-12,Wednesday,3897.720789597224,Open
2025-11-13,Thursday,3897.7208267085953,Open
2025-11-14,Friday,3897.7208267085953,Open
2025-11-15,Saturday,,Closed
2025-11-16,Sunday,,Closed
2025-11-17,Monday,3897.7208267085953,Open
2025-11-18,Tuesday,3897.720789597224,Open
2025-11-19,Wednesday,3897.7208267085953,Open
2025-11-20,Thursday,3897.7208267085953,Open
2025-11-21,Friday,3897.7208267085953,Open
2025-11-22,Saturday,,Closed
2025-11-23,Sunday,,Closed
2025-11-24,Monday,3897.7208267085953,Open
2025-11-25,Tuesday,3897.7208267085953,Open
2025-11-26,Wednesday,3897.7208267085953,Open
2025-11-27,Thursday,3897.7208267085953,Open
2025-11-28,Friday,3897.7208638199663,Open
2025-11-29,Saturday,,Closed
2025-11-30,Sunday,,Closed
2025-12-01,Monday,3897.7208267085953,Open
2025-12-02,Tuesday,3897.7208267085953,Open
2025-12-03,Wednesday,3897.7208267085953,Open
2025-12-04,Thursday,3897.720752485853,Open
2025-12-05,Friday,3897.720752485853,Open
2025-12-06,Saturday,,Closed
2025-12-07,Sunday,,Closed
2025-12-08,Monday,3897.7208267085953,Open
2025-12-09,Tuesday,3897.7208267085953,Open
2025-12-10,Wednesday,3897.720752485853,Open
2025-12-11,Thursday,3897.720789597224,Open
2025-12-12,Friday,3897.7208267085953,Open
2025-12-13,Saturday,,Closed
2025-12-14,Sunday,,Closed
2025-12-15,Monday,3897.7208267085953,Open
2025-12-16,Tuesday,3897.7208267085953,Open
2025-12-17,Wednesday,3897.7208267085953,Open
2025-12-18,Thursday,3897.720789597224,Open
2025-12-19,Friday,3897.7208267085953,Open
2025-12-20,Saturday,,Closed
2025-12-21,Sunday,,Closed
2025-12-22,Monday,3897.7208267085953,Open
2025-12-23,Tuesday,3897.720789597224,Open
2025-12-24,Wednesday,3897.720789597224,Open
2025-12-25,Thursday,,Closed
2025-12-26,Friday,3897.7208267085953,Open
2025-12-27,Saturday,,Closed
2025-12-28,Sunday,,Closed
2025-12-29,Monday,3897.7208267085953,Open
2025-12-30,Tuesday,3897.720752485853,Open
2025-12-31,Wednesday,3897.7208267085953,Open
