Date,Day,Predicted_Price,Market_Status
2025-01-01,Wednesday,1329.3157196435059,Open
2025-01-02,Thursday,1270.652432635201,Open
2025-01-03,Friday,1178.0051779320274,Open
2025-01-04,Saturday,,Closed
2025-01-05,Sunday,,Closed
2025-01-06,Monday,1069.9089713869835,Open
2025-01-07,Tuesday,959.110827524928,Open
2025-01-08,Wednesday,853.1949503607611,Open
2025-01-09,Thursday,756.2469130546706,Open
2025-01-10,Friday,670.1171310458667,Open
2025-01-11,Saturday,,Closed
2025-01-12,Sunday,,Closed
2025-01-13,Monday,595.2642581733926,Open
2025-01-14,Tuesday,531.3100773845799,Open
2025-01-15,Wednesday,477.40875072760355,Open
2025-01-16,Thursday,432.4884375044312,Open
2025-01-17,Friday,395.40921302284914,Open
2025-01-18,Saturday,,Closed
2025-01-19,Sunday,,Closed
2025-01-20,Monday,365.0586693586356,Open
2025-01-21,Tuesday,340.4065590193659,Open
2025-01-22,Wednesday,320.53072144430644,Open
2025-01-23,Thursday,304.6249009675803,Open
2025-01-24,Friday,291.99598693353255,Open
2025-01-25,Saturday,,Closed
2025-01-26,Sunday,,Closed
2025-01-27,Monday,282.05517488404394,Open
2025-01-28,Tuesday,274.30680390246243,Open
2025-01-29,Wednesday,268.3363321348238,Open
2025-01-30,Thursday,263.7989432884142,Open
2025-01-31,Friday,260.40902521283806,Open
2025-02-01,Saturday,,Closed
2025-02-02,Sunday,,Closed
2025-02-03,Monday,257.93100277391795,Open
2025-02-04,Tuesday,256.17132495443957,Open
2025-02-05,Wednesday,254.97167287040432,Open
2025-02-06,Thursday,254.20316811721435,Open
2025-02-07,Friday,253.76155066640789,Open
2025-02-08,Saturday,,Closed
2025-02-09,Sunday,,Closed
2025-02-10,Monday,253.5629979995306,Open
2025-02-11,Tuesday,253.54070859667357,Open
2025-02-12,Wednesday,253.6419625054405,Open
2025-02-13,Thursday,253.82559743157938,Open
2025-02-14,Friday,254.06001833891153,Open
2025-02-15,Saturday,,Closed
2025-02-16,Sunday,,Closed
2025-02-17,Monday,254.3213096472023,Open
2025-02-18,Tuesday,254.59178347128457,Open
2025-02-19,Wednesday,254.85879461483094,Open
2025-02-20,Thursday,255.1135863435084,Open
2025-02-21,Friday,255.35047986123803,Open
2025-02-22,Saturday,,Closed
2025-02-23,Sunday,,Closed
2025-02-24,Monday,255.56616638439667,Open
2025-02-25,Tuesday,255.75910694385723,Open
2025-02-26,Wednesday,255.92901939527977,Open
2025-02-27,Thursday,256.07658088508015,Open
2025-02-28,Friday,256.2030636277368,Open
2025-03-01,Saturday,,Closed
2025-03-02,Sunday,,Closed
2025-03-03,Monday,256.3101194501128,Open
2025-03-04,Tuesday,256.39965154402853,Open
2025-03-05,Wednesday,256.4735784909958,Open
2025-03-06,Thursday,256.5338599117031,Open
2025-03-07,Friday,256.58233743920573,Open
2025-03-08,Saturday,,Closed
2025-03-09,Sunday,,Closed
2025-03-10,Monday,256.62074497872027,Open
2025-03-11,Tuesday,256.65067792824175,Open
2025-03-12,Wednesday,256.6735316197787,Open
2025-03-13,Thursday,256.69056287811827,Open
2025-03-14,Friday,,Closed
2025-03-15,Saturday,,Closed
2025-03-16,Sunday,,Closed
2025-03-17,Monday,256.7028695012377,Open
2025-03-18,Tuesday,256.7113851304075,Open
2025-03-19,Wednesday,256.7168946398824,Open
2025-03-20,Thursday,256.7200956956667,Open
2025-03-21,Friday,256.72149615757235,Open
2025-03-22,Saturday,,Closed
2025-03-23,Sunday,,Closed
2025-03-24,Monday,256.72159875551415,Open
2025-03-25,Tuesday,256.7207420627001,Open
2025-03-26,Wednesday,256.71924413274974,Open
2025-03-27,Thursday,256.7173101615467,Open
2025-03-28,Friday,256.7151299552834,Open
2025-03-29,Saturday,,Closed
2025-03-30,Sunday,,Closed
2025-03-31,Monday,256.7128522809753,Open
2025-04-01,Tuesday,256.7105489571818,Open
2025-04-02,Wednesday,256.7083482313301,Open
2025-04-03,Thursday,256.7062501034202,Open
2025-04-04,Friday,256.70428535283463,Open
2025-04-05,Saturday,,Closed
2025-04-06,Sunday,,Closed
2025-04-07,Monday,256.70248988885305,Open
2025-04-08,Tuesday,256.7008842310638,Open
2025-04-09,Wednesday,256.69943760008437,Open
2025-04-10,Thursday,,Closed
2025-04-11,Friday,256.6981602557089,Open
2025-04-12,Saturday,,Closed
2025-04-13,Sunday,,Closed
2025-04-14,Monday,,Closed
2025-04-15,Tuesday,256.69704193814323,Open
2025-04-16,Wednesday,256.69609290718154,Open
2025-04-17,Thursday,256.6952772535442,Open
2025-04-18,Friday,256.69455906795156,Open
2025-04-19,Saturday,,Closed
2025-04-20,Sunday,,Closed
2025-04-21,Monday,256.69398451947745,Open
2025-04-22,Tuesday,256.6934869194597,Open
2025-04-23,Wednesday,256.6930611380012,Open
2025-04-24,Thursday,256.69272769469035,Open
2025-04-25,Friday,256.6924506802475,Open
2025-04-26,Saturday,,Closed
2025-04-27,Sunday,,Closed
2025-04-28,Monday,256.6922198348784,Open
2025-04-29,Tuesday,256.69205054827444,Open
2025-04-30,Wednesday,256.6919017812588,Open
2025-05-01,Thursday,,Closed
2025-05-02,Friday,256.6917940534199,Open
2025-05-03,Saturday,,Closed
2025-05-04,Sunday,,Closed
2025-05-05,Monday,256.6916965853752,Open
2025-05-06,Tuesday,256.69161963691886,Open
2025-05-07,Wednesday,256.69157859774214,Open
2025-05-08,Thursday,256.6915324286683,Open
2025-05-09,Friday,256.69151190907996,Open
2025-05-10,Saturday,,Closed
2025-05-11,Sunday,,Closed
2025-05-12,Monday,256.6915016492858,Open
2025-05-13,Tuesday,256.6914811296974,Open
2025-05-14,Wednesday,256.69146574000615,Open
2025-05-15,Thursday,256.69147599980033,Open
2025-05-16,Friday,256.69147086990324,Open
2025-05-17,Saturday,,Closed
2025-05-18,Sunday,,Closed
2025-05-19,Monday,256.6914811296974,Open
2025-05-20,Tuesday,256.69147599980033,Open
2025-05-21,Wednesday,256.6914862595945,Open
2025-05-22,Thursday,256.6914862595945,Open
2025-05-23,Friday,256.6914862595945,Open
2025-05-24,Saturday,,Closed
2025-05-25,Sunday,,Closed
2025-05-26,Monday,256.6914913894916,Open
2025-05-27,Tuesday,256.6914965193887,Open
2025-05-28,Wednesday,256.6915067791829,Open
2025-05-29,Thursday,256.6915067791829,Open
2025-05-30,Friday,256.6915067791829,Open
2025-05-31,Saturday,,Closed
2025-06-01,Sunday,,Closed
2025-06-02,Monday,256.69151703897705,Open
2025-06-03,Tuesday,256.69151703897705,Open
2025-06-04,Wednesday,256.69152216887414,Open
2025-06-05,Thursday,256.69152216887414,Open
2025-06-06,Friday,256.69152216887414,Open
2025-06-07,Saturday,,Closed
2025-06-08,Sunday,,Closed
2025-06-09,Monday,256.69152216887414,Open
2025-06-10,Tuesday,256.69152729877123,Open
2025-06-11,Wednesday,256.69152216887414,Open
2025-06-12,Thursday,256.69152216887414,Open
2025-06-13,Friday,256.6915324286683,Open
2025-06-14,Saturday,,Closed
2025-06-15,Sunday,,Closed
2025-06-16,Monday,256.69152216887414,Open
2025-06-17,Tuesday,256.6915324286683,Open
2025-06-18,Wednesday,256.6915324286683,Open
2025-06-19,Thursday,256.6915324286683,Open
2025-06-20,Friday,256.69152729877123,Open
2025-06-21,Saturday,,Closed
2025-06-22,Sunday,,Closed
2025-06-23,Monday,256.69152216887414,Open
2025-06-24,Tuesday,256.6915324286683,Open
2025-06-25,Wednesday,256.69152729877123,Open
2025-06-26,Thursday,256.6915324286683,Open
2025-06-27,Friday,256.69152216887414,Open
2025-06-28,Saturday,,Closed
2025-06-29,Sunday,,Closed
2025-06-30,Monday,256.69152216887414,Open
2025-07-01,Tuesday,256.69151703897705,Open
2025-07-02,Wednesday,256.69152729877123,Open
2025-07-03,Thursday,256.6915375585654,Open
2025-07-04,Friday,256.69152729877123,Open
2025-07-05,Saturday,,Closed
2025-07-06,Sunday,,Closed
2025-07-07,Monday,256.6915375585654,Open
2025-07-08,Tuesday,256.6915375585654,Open
2025-07-09,Wednesday,256.6915375585654,Open
2025-07-10,Thursday,256.69152729877123,Open
2025-07-11,Friday,256.69152729877123,Open
2025-07-12,Saturday,,Closed
2025-07-13,Sunday,,Closed
2025-07-14,Monday,256.6915324286683,Open
2025-07-15,Tuesday,256.6915324286683,Open
2025-07-16,Wednesday,256.6915375585654,Open
2025-07-17,Thursday,256.69152729877123,Open
2025-07-18,Friday,256.6915324286683,Open
2025-07-19,Saturday,,Closed
2025-07-20,Sunday,,Closed
2025-07-21,Monday,256.6915324286683,Open
2025-07-22,Tuesday,256.6915324286683,Open
2025-07-23,Wednesday,256.69152729877123,Open
2025-07-24,Thursday,256.6915324286683,Open
2025-07-25,Friday,256.6915324286683,Open
2025-07-26,Saturday,,Closed
2025-07-27,Sunday,,Closed
2025-07-28,Monday,256.6915324286683,Open
2025-07-29,Tuesday,256.69152729877123,Open
2025-07-30,Wednesday,256.69152216887414,Open
2025-07-31,Thursday,256.6915324286683,Open
2025-08-01,Friday,256.6915324286683,Open
2025-08-02,Saturday,,Closed
2025-08-03,Sunday,,Closed
2025-08-04,Monday,256.6915324286683,Open
2025-08-05,Tuesday,256.6915375585654,Open
2025-08-06,Wednesday,256.6915375585654,Open
2025-08-07,Thursday,256.69152729877123,Open
2025-08-08,Friday,256.6915324286683,Open
2025-08-09,Saturday,,Closed
2025-08-10,Sunday,,Closed
2025-08-11,Monday,256.6915324286683,Open
2025-08-12,Tuesday,256.6915324286683,Open
2025-08-13,Wednesday,256.69152729877123,Open
2025-08-14,Thursday,256.6915324286683,Open
2025-08-15,Friday,,Closed
2025-08-16,Saturday,,Closed
2025-08-17,Sunday,,Closed
2025-08-18,Monday,256.6915324286683,Open
2025-08-19,Tuesday,256.69152729877123,Open
2025-08-20,Wednesday,256.69152216887414,Open
2025-08-21,Thursday,256.69152729877123,Open
2025-08-22,Friday,256.6915324286683,Open
2025-08-23,Saturday,,Closed
2025-08-24,Sunday,,Closed
2025-08-25,Monday,256.6915324286683,Open
2025-08-26,Tuesday,256.69152729877123,Open
2025-08-27,Wednesday,256.6915324286683,Open
2025-08-28,Thursday,256.6915324286683,Open
2025-08-29,Friday,256.6915324286683,Open
2025-08-30,Saturday,,Closed
2025-08-31,Sunday,,Closed
2025-09-01,Monday,256.6915324286683,Open
2025-09-02,Tuesday,256.6915324286683,Open
2025-09-03,Wednesday,256.6915324286683,Open
2025-09-04,Thursday,256.6915324286683,Open
2025-09-05,Friday,256.6915324286683,Open
2025-09-06,Saturday,,Closed
2025-09-07,Sunday,,Closed
2025-09-08,Monday,256.69152216887414,Open
2025-09-09,Tuesday,256.6915324286683,Open
2025-09-10,Wednesday,256.6915324286683,Open
2025-09-11,Thursday,256.6915324286683,Open
2025-09-12,Friday,256.6915324286683,Open
2025-09-13,Saturday,,Closed
2025-09-14,Sunday,,Closed
2025-09-15,Monday,256.6915324286683,Open
2025-09-16,Tuesday,256.69152729877123,Open
2025-09-17,Wednesday,256.6915324286683,Open
2025-09-18,Thursday,256.69152729877123,Open
2025-09-19,Friday,256.6915375585654,Open
2025-09-20,Saturday,,Closed
2025-09-21,Sunday,,Closed
2025-09-22,Monday,256.6915324286683,Open
2025-09-23,Tuesday,256.69152729877123,Open
2025-09-24,Wednesday,256.6915324286683,Open
2025-09-25,Thursday,256.69152216887414,Open
2025-09-26,Friday,256.6915375585654,Open
2025-09-27,Saturday,,Closed
2025-09-28,Sunday,,Closed
2025-09-29,Monday,256.69152729877123,Open
2025-09-30,Tuesday,256.6915324286683,Open
2025-10-01,Wednesday,256.6915375585654,Open
2025-10-02,Thursday,,Closed
2025-10-03,Friday,256.69152729877123,Open
2025-10-04,Saturday,,Closed
2025-10-05,Sunday,,Closed
2025-10-06,Monday,256.6915375585654,Open
2025-10-07,Tuesday,256.69152729877123,Open
2025-10-08,Wednesday,256.6915324286683,Open
2025-10-09,Thursday,256.6915324286683,Open
2025-10-10,Friday,256.6915324286683,Open
2025-10-11,Saturday,,Closed
2025-10-12,Sunday,,Closed
2025-10-13,Monday,256.6915324286683,Open
2025-10-14,Tuesday,256.6915324286683,Open
2025-10-15,Wednesday,256.6915324286683,Open
2025-10-16,Thursday,256.6915324286683,Open
2025-10-17,Friday,256.69152729877123,Open
2025-10-18,Saturday,,Closed
2025-10-19,Sunday,,Closed
2025-10-20,Monday,,Closed
2025-10-21,Tuesday,256.69152729877123,Open
2025-10-22,Wednesday,256.69152729877123,Open
2025-10-23,Thursday,256.6915324286683,Open
2025-10-24,Friday,256.6915324286683,Open
2025-10-25,Saturday,,Closed
2025-10-26,Sunday,,Closed
2025-10-27,Monday,256.6915324286683,Open
2025-10-28,Tuesday,256.6915324286683,Open
2025-10-29,Wednesday,256.6915375585654,Open
2025-10-30,Thursday,256.6915375585654,Open
2025-10-31,Friday,256.6915324286683,Open
2025-11-01,Saturday,,Closed
2025-11-02,Sunday,,Closed
2025-11-03,Monday,256.6915375585654,Open
2025-11-04,Tuesday,256.69152729877123,Open
2025-11-05,Wednesday,256.6915324286683,Open
2025-11-06,Thursday,256.6915324286683,Open
2025-11-07,Friday,256.6915324286683,Open
2025-11-08,Saturday,,Closed
2025-11-09,Sunday,,Closed
2025-11-10,Monday,256.6915324286683,Open
2025-11-11,Tuesday,256.6915324286683,Open
2025-11-12,Wednesday,256.6915375585654,Open
2025-11-13,Thursday,256.6915324286683,Open
2025-11-14,Friday,256.6915324286683,Open
2025-11-15,Saturday,,Closed
2025-11-16,Sunday,,Closed
2025-11-17,Monday,256.6915324286683,Open
2025-11-18,Tuesday,256.6915324286683,Open
2025-11-19,Wednesday,256.6915324286683,Open
2025-11-20,Thursday,256.69152729877123,Open
2025-11-21,Friday,256.6915324286683,Open
2025-11-22,Saturday,,Closed
2025-11-23,Sunday,,Closed
2025-11-24,Monday,256.6915324286683,Open
2025-11-25,Tuesday,256.69152729877123,Open
2025-11-26,Wednesday,256.6915324286683,Open
2025-11-27,Thursday,256.6915324286683,Open
2025-11-28,Friday,256.6915324286683,Open
2025-11-29,Saturday,,Closed
2025-11-30,Sunday,,Closed
2025-12-01,Monday,256.6915324286683,Open
2025-12-02,Tuesday,256.6915324286683,Open
2025-12-03,Wednesday,256.6915324286683,Open
2025-12-04,Thursday,256.6915324286683,Open
2025-12-05,Friday,256.69152729877123,Open
2025-12-06,Saturday,,Closed
2025-12-07,Sunday,,Closed
2025-12-08,Monday,256.6915324286683,Open
2025-12-09,Tuesday,256.6915324286683,Open
2025-12-10,Wednesday,256.6915324286683,Open
2025-12-11,Thursday,256.6915324286683,Open
2025-12-12,Friday,256.69152216887414,Open
2025-12-13,Saturday,,Closed
2025-12-14,Sunday,,Closed
2025-12-15,Monday,256.6915324286683,Open
2025-12-16,Tuesday,256.6915324286683,Open
2025-12-17,Wednesday,256.6915324286683,Open
2025-12-18,Thursday,256.6915324286683,Open
2025-12-19,Friday,256.6915324286683,Open
2025-12-20,Saturday,,Closed
2025-12-21,Sunday,,Closed
2025-12-22,Monday,256.6915324286683,Open
2025-12-23,Tuesday,256.6915324286683,Open
2025-12-24,Wednesday,256.6915324286683,Open
2025-12-25,Thursday,,Closed
2025-12-26,Friday,256.6915324286683,Open
2025-12-27,Saturday,,Closed
2025-12-28,Sunday,,Closed
2025-12-29,Monday,256.6915324286683,Open
2025-12-30,Tuesday,256.69152729877123,Open
2025-12-31,Wednesday,256.6915324286683,Open
