Date,Day,Predicted_Price,Market_Status
2025-01-01,Wednesday,135.0398540629368,Open
2025-01-02,Thursday,127.88337616808803,Open
2025-01-03,Friday,116.67290621917516,Open
2025-01-04,Saturday,,Closed
2025-01-05,Sunday,,Closed
2025-01-06,Monday,103.36938375216789,Open
2025-01-07,Tuesday,89.5208241544583,Open
2025-01-08,Wednesday,76.09863588197015,Open
2025-01-09,Thursday,63.66824270125733,Open
2025-01-10,Friday,52.523555455941846,Open
2025-01-11,Saturday,,Closed
2025-01-12,Sunday,,Closed
2025-01-13,Monday,42.781960521620306,Open
2025-01-14,Tuesday,34.447240903938194,Open
2025-01-15,Wednesday,27.451639470464357,Open
2025-01-16,Thursday,21.684858045115405,Open
2025-01-17,Friday,17.014295303701772,Open
2025-01-18,Saturday,,Closed
2025-01-19,Sunday,,Closed
2025-01-20,Monday,13.29901519978364,Open
2025-01-21,Tuesday,10.399280165223281,Open
2025-01-22,Wednesday,8.182754765580746,Open
2025-01-23,Thursday,6.528297261617624,Open
2025-01-24,Friday,5.3280077501406,Open
2025-01-25,Saturday,,Closed
2025-01-26,Sunday,,Closed
2025-01-27,Monday,4.487985028387733,Open
2025-01-28,Tuesday,3.9282298470156007,Open
2025-01-29,Wednesday,3.581892652713634,Open
2025-01-30,Thursday,3.3941738313437138,Open
2025-01-31,Friday,3.320987019619714,Open
2025-02-01,Saturday,,Closed
2025-02-02,Sunday,,Closed
2025-02-03,Monday,3.327530276774801,Open
2025-02-04,Tuesday,3.3868895052330212,Open
2025-02-05,Wednesday,3.4787004460029536,Open
2025-02-06,Thursday,3.587950200375616,Open
2025-02-07,Friday,3.703882738207618,Open
2025-02-08,Saturday,,Closed
2025-02-09,Sunday,,Closed
2025-02-10,Monday,3.8190965839441304,Open
2025-02-11,Tuesday,3.9287451729412126,Open
2025-02-12,Wednesday,4.0299162226690655,Open
2025-02-13,Thursday,4.121092713640415,Open
2025-02-14,Friday,4.201746815213703,Open
2025-02-15,Saturday,,Closed
2025-02-16,Sunday,,Closed
2025-02-17,Monday,4.272030558409128,Open
2025-02-18,Tuesday,4.332521792732038,Open
2025-02-19,Wednesday,4.384050436435558,Open
2025-02-20,Thursday,4.427560924645171,Open
2025-02-21,Friday,4.464041129920702,Open
2025-02-22,Saturday,,Closed
2025-02-23,Sunday,,Closed
2025-02-24,Monday,4.494439436245301,Open
2025-02-25,Tuesday,4.519648943594774,Open
2025-02-26,Wednesday,4.540471270075628,Open
2025-02-27,Thursday,4.557615235639183,Open
2025-02-28,Friday,4.571700810939241,Open
2025-03-01,Saturday,,Closed
2025-03-02,Sunday,,Closed
2025-03-03,Monday,4.583250561473804,Open
2025-03-04,Tuesday,4.5927133407310805,Open
2025-03-05,Wednesday,4.600458366902984,Open
2025-03-06,Thursday,4.606794967173471,Open
2025-03-07,Friday,4.611974552147373,Open
2025-03-08,Saturday,,Closed
2025-03-09,Sunday,,Closed
2025-03-10,Monday,4.616207727566959,Open
2025-03-11,Tuesday,4.619662978026042,Open
2025-03-12,Wednesday,4.622477197257098,Open
2025-03-13,Thursday,4.624768192847206,Open
2025-03-14,Friday,,Closed
2025-03-15,Saturday,,Closed
2025-03-16,Sunday,,Closed
2025-03-17,Monday,4.626623497807998,Open
2025-03-18,Tuesday,4.628120773006934,Open
2025-03-19,Wednesday,4.62932385830964,Open
2025-03-20,Thursday,4.63028079815107,Open
2025-03-21,Friday,4.631035688108511,Open
2025-03-22,Saturday,,Closed
2025-03-23,Sunday,,Closed
2025-03-24,Monday,4.6316253841868615,Open
2025-03-25,Tuesday,4.632076870246848,Open
2025-03-26,Wednesday,4.632413839434477,Open
2025-03-27,Thursday,4.632661301181642,Open
2025-03-28,Friday,4.632835709061958,Open
2025-03-29,Saturday,,Closed
2025-03-30,Sunday,,Closed
2025-03-31,Monday,4.6329475933625375,Open
2025-04-01,Tuesday,4.6330114332281624,Open
2025-04-02,Wednesday,4.633039075231835,Open
2025-04-03,Thursday,4.63303973337478,Open
2025-04-04,Friday,4.633018672800553,Open
2025-04-05,Saturday,,Closed
2025-04-06,Sunday,,Closed
2025-04-07,Monday,4.632983133081545,Open
2025-04-08,Tuesday,4.6329331142177566,Open
2025-04-09,Wednesday,4.632878488353356,Open
2025-04-10,Thursday,,Closed
2025-04-11,Friday,4.632822546203066,Open
2025-04-12,Saturday,,Closed
2025-04-13,Sunday,,Closed
2025-04-14,Monday,,Closed
2025-04-15,Tuesday,4.632763313338053,Open
2025-04-16,Wednesday,4.632706054901874,Open
2025-04-17,Thursday,4.632649454608639,Open
2025-04-18,Friday,4.632595486887183,Open
2025-04-19,Saturday,,Closed
2025-04-20,Sunday,,Closed
2025-04-21,Monday,4.632546126166339,Open
2025-04-22,Tuesday,4.632500056160218,Open
2025-04-23,Wednesday,4.632458593154709,Open
2025-04-24,Thursday,4.632419762720978,Open
2025-04-25,Friday,4.632387513716694,Open
2025-04-26,Saturday,,Closed
2025-04-27,Sunday,,Closed
2025-04-28,Monday,4.632357239141243,Open
2025-04-29,Tuesday,4.632330913423459,Open
2025-04-30,Wednesday,4.632308536563343,Open
2025-05-01,Thursday,,Closed
2025-05-02,Friday,4.632290108560895,Open
2025-05-03,Saturday,,Closed
2025-05-04,Sunday,,Closed
2025-05-05,Monday,4.632274313130225,Open
2025-05-06,Tuesday,4.6322585176995545,Open
2025-05-07,Wednesday,4.632247329269497,Open
2025-05-08,Thursday,4.632237457125328,Open
2025-05-09,Friday,4.632229559409993,Open
2025-05-10,Saturday,,Closed
2025-05-11,Sunday,,Closed
2025-05-12,Monday,4.632221003551713,Open
2025-05-13,Tuesday,4.632215080265212,Open
2025-05-14,Wednesday,4.632211789550489,Open
2025-05-15,Thursday,4.6322091569787105,Open
2025-05-16,Friday,4.632207840692821,Open
2025-05-17,Saturday,,Closed
2025-05-18,Sunday,,Closed
2025-05-19,Monday,4.632203233692209,Open
2025-05-20,Tuesday,4.6322012592633754,Open
2025-05-21,Wednesday,4.632199942977486,Open
2025-05-22,Thursday,4.632199284834542,Open
2025-05-23,Friday,4.632199284834542,Open
2025-05-24,Saturday,,Closed
2025-05-25,Sunday,,Closed
2025-05-26,Monday,4.6321979685486525,Open
2025-05-27,Tuesday,4.632199284834542,Open
2025-05-28,Wednesday,4.632199284834542,Open
2025-05-29,Thursday,4.632200601120431,Open
2025-05-30,Friday,4.632198626691597,Open
2025-05-31,Saturday,,Closed
2025-06-01,Sunday,,Closed
2025-06-02,Monday,4.6321979685486525,Open
2025-06-03,Tuesday,4.632198626691597,Open
2025-06-04,Wednesday,4.6321979685486525,Open
2025-06-05,Thursday,4.6321979685486525,Open
2025-06-06,Friday,4.632199284834542,Open
2025-06-07,Saturday,,Closed
2025-06-08,Sunday,,Closed
2025-06-09,Monday,4.632198626691597,Open
2025-06-10,Tuesday,4.632199942977486,Open
2025-06-11,Wednesday,4.632199284834542,Open
2025-06-12,Thursday,4.632200601120431,Open
2025-06-13,Friday,4.632199942977486,Open
2025-06-14,Saturday,,Closed
2025-06-15,Sunday,,Closed
2025-06-16,Monday,4.6322012592633754,Open
2025-06-17,Tuesday,4.632200601120431,Open
2025-06-18,Wednesday,4.632199284834542,Open
2025-06-19,Thursday,4.632202575549265,Open
2025-06-20,Friday,4.6322012592633754,Open
2025-06-21,Saturday,,Closed
2025-06-22,Sunday,,Closed
2025-06-23,Monday,4.63220191740632,Open
2025-06-24,Tuesday,4.632200601120431,Open
2025-06-25,Wednesday,4.632200601120431,Open
2025-06-26,Thursday,4.6322012592633754,Open
2025-06-27,Friday,4.63220191740632,Open
2025-06-28,Saturday,,Closed
2025-06-29,Sunday,,Closed
2025-06-30,Monday,4.63220191740632,Open
2025-07-01,Tuesday,4.6322012592633754,Open
2025-07-02,Wednesday,4.632199942977486,Open
2025-07-03,Thursday,4.632199942977486,Open
2025-07-04,Friday,4.6322012592633754,Open
2025-07-05,Saturday,,Closed
2025-07-06,Sunday,,Closed
2025-07-07,Monday,4.632202575549265,Open
2025-07-08,Tuesday,4.63220191740632,Open
2025-07-09,Wednesday,4.6322012592633754,Open
2025-07-10,Thursday,4.632199942977486,Open
2025-07-11,Friday,4.632203233692209,Open
2025-07-12,Saturday,,Closed
2025-07-13,Sunday,,Closed
2025-07-14,Monday,4.632202575549265,Open
2025-07-15,Tuesday,4.632202575549265,Open
2025-07-16,Wednesday,4.632202575549265,Open
2025-07-17,Thursday,4.632202575549265,Open
2025-07-18,Friday,4.632202575549265,Open
2025-07-19,Saturday,,Closed
2025-07-20,Sunday,,Closed
2025-07-21,Monday,4.632202575549265,Open
2025-07-22,Tuesday,4.632202575549265,Open
2025-07-23,Wednesday,4.63220191740632,Open
2025-07-24,Thursday,4.632202575549265,Open
2025-07-25,Friday,4.632202575549265,Open
2025-07-26,Saturday,,Closed
2025-07-27,Sunday,,Closed
2025-07-28,Monday,4.632202575549265,Open
2025-07-29,Tuesday,4.63220191740632,Open
2025-07-30,Wednesday,4.63220191740632,Open
2025-07-31,Thursday,4.632203233692209,Open
2025-08-01,Friday,4.632202575549265,Open
2025-08-02,Saturday,,Closed
2025-08-03,Sunday,,Closed
2025-08-04,Monday,4.6322012592633754,Open
2025-08-05,Tuesday,4.632202575549265,Open
2025-08-06,Wednesday,4.632202575549265,Open
2025-08-07,Thursday,4.632202575549265,Open
2025-08-08,Friday,4.632202575549265,Open
2025-08-09,Saturday,,Closed
2025-08-10,Sunday,,Closed
2025-08-11,Monday,4.6322012592633754,Open
2025-08-12,Tuesday,4.63220191740632,Open
2025-08-13,Wednesday,4.632202575549265,Open
2025-08-14,Thursday,4.632202575549265,Open
2025-08-15,Friday,,Closed
2025-08-16,Saturday,,Closed
2025-08-17,Sunday,,Closed
2025-08-18,Monday,4.632202575549265,Open
2025-08-19,Tuesday,4.63220191740632,Open
2025-08-20,Wednesday,4.632202575549265,Open
2025-08-21,Thursday,4.63220191740632,Open
2025-08-22,Friday,4.63220191740632,Open
2025-08-23,Saturday,,Closed
2025-08-24,Sunday,,Closed
2025-08-25,Monday,4.6322012592633754,Open
2025-08-26,Tuesday,4.6322012592633754,Open
2025-08-27,Wednesday,4.632202575549265,Open
2025-08-28,Thursday,4.63220191740632,Open
2025-08-29,Friday,4.63220191740632,Open
2025-08-30,Saturday,,Closed
2025-08-31,Sunday,,Closed
2025-09-01,Monday,4.632199942977486,Open
2025-09-02,Tuesday,4.632202575549265,Open
2025-09-03,Wednesday,4.632202575549265,Open
2025-09-04,Thursday,4.63220191740632,Open
2025-09-05,Friday,4.632203891835154,Open
2025-09-06,Saturday,,Closed
2025-09-07,Sunday,,Closed
2025-09-08,Monday,4.6322012592633754,Open
2025-09-09,Tuesday,4.632202575549265,Open
2025-09-10,Wednesday,4.632202575549265,Open
2025-09-11,Thursday,4.632202575549265,Open
2025-09-12,Friday,4.632202575549265,Open
2025-09-13,Saturday,,Closed
2025-09-14,Sunday,,Closed
2025-09-15,Monday,4.632202575549265,Open
2025-09-16,Tuesday,4.632202575549265,Open
2025-09-17,Wednesday,4.632202575549265,Open
2025-09-18,Thursday,4.632203233692209,Open
2025-09-19,Friday,4.632202575549265,Open
2025-09-20,Saturday,,Closed
2025-09-21,Sunday,,Closed
2025-09-22,Monday,4.63220191740632,Open
2025-09-23,Tuesday,4.63220191740632,Open
2025-09-24,Wednesday,4.6322012592633754,Open
2025-09-25,Thursday,4.632202575549265,Open
2025-09-26,Friday,4.632202575549265,Open
2025-09-27,Saturday,,Closed
2025-09-28,Sunday,,Closed
2025-09-29,Monday,4.632202575549265,Open
2025-09-30,Tuesday,4.632202575549265,Open
2025-10-01,Wednesday,4.632202575549265,Open
2025-10-02,Thursday,,Closed
2025-10-03,Friday,4.63220191740632,Open
2025-10-04,Saturday,,Closed
2025-10-05,Sunday,,Closed
2025-10-06,Monday,4.632202575549265,Open
2025-10-07,Tuesday,4.632202575549265,Open
2025-10-08,Wednesday,4.632202575549265,Open
2025-10-09,Thursday,4.632202575549265,Open
2025-10-10,Friday,4.632200601120431,Open
2025-10-11,Saturday,,Closed
2025-10-12,Sunday,,Closed
2025-10-13,Monday,4.63220191740632,Open
2025-10-14,Tuesday,4.632203233692209,Open
2025-10-15,Wednesday,4.632202575549265,Open
2025-10-16,Thursday,4.632202575549265,Open
2025-10-17,Friday,4.6322012592633754,Open
2025-10-18,Saturday,,Closed
2025-10-19,Sunday,,Closed
2025-10-20,Monday,,Closed
2025-10-21,Tuesday,4.632202575549265,Open
2025-10-22,Wednesday,4.63220191740632,Open
2025-10-23,Thursday,4.632202575549265,Open
2025-10-24,Friday,4.632203233692209,Open
2025-10-25,Saturday,,Closed
2025-10-26,Sunday,,Closed
2025-10-27,Monday,4.63220191740632,Open
2025-10-28,Tuesday,4.6322012592633754,Open
2025-10-29,Wednesday,4.63220191740632,Open
2025-10-30,Thursday,4.632203233692209,Open
2025-10-31,Friday,4.632202575549265,Open
2025-11-01,Saturday,,Closed
2025-11-02,Sunday,,Closed
2025-11-03,Monday,4.632202575549265,Open
2025-11-04,Tuesday,4.632202575549265,Open
2025-11-05,Wednesday,4.632202575549265,Open
2025-11-06,Thursday,4.63220191740632,Open
2025-11-07,Friday,4.632202575549265,Open
2025-11-08,Saturday,,Closed
2025-11-09,Sunday,,Closed
2025-11-10,Monday,4.6322012592633754,Open
2025-11-11,Tuesday,4.632202575549265,Open
2025-11-12,Wednesday,4.632202575549265,Open
2025-11-13,Thursday,4.63220191740632,Open
2025-11-14,Friday,4.632202575549265,Open
2025-11-15,Saturday,,Closed
2025-11-16,Sunday,,Closed
2025-11-17,Monday,4.632202575549265,Open
2025-11-18,Tuesday,4.632202575549265,Open
2025-11-19,Wednesday,4.63220191740632,Open
2025-11-20,Thursday,4.63220191740632,Open
2025-11-21,Friday,4.632202575549265,Open
2025-11-22,Saturday,,Closed
2025-11-23,Sunday,,Closed
2025-11-24,Monday,4.6322012592633754,Open
2025-11-25,Tuesday,4.632202575549265,Open
2025-11-26,Wednesday,4.632202575549265,Open
2025-11-27,Thursday,4.632203233692209,Open
2025-11-28,Friday,4.632202575549265,Open
2025-11-29,Saturday,,Closed
2025-11-30,Sunday,,Closed
2025-12-01,Monday,4.632202575549265,Open
2025-12-02,Tuesday,4.632202575549265,Open
2025-12-03,Wednesday,4.632202575549265,Open
2025-12-04,Thursday,4.632202575549265,Open
2025-12-05,Friday,4.632202575549265,Open
2025-12-06,Saturday,,Closed
2025-12-07,Sunday,,Closed
2025-12-08,Monday,4.632202575549265,Open
2025-12-09,Tuesday,4.632202575549265,Open
2025-12-10,Wednesday,4.632202575549265,Open
2025-12-11,Thursday,4.63220191740632,Open
2025-12-12,Friday,4.632202575549265,Open
2025-12-13,Saturday,,Closed
2025-12-14,Sunday,,Closed
2025-12-15,Monday,4.63220191740632,Open
2025-12-16,Tuesday,4.63220191740632,Open
2025-12-17,Wednesday,4.632202575549265,Open
2025-12-18,Thursday,4.632202575549265,Open
2025-12-19,Friday,4.6322012592633754,Open
2025-12-20,Saturday,,Closed
2025-12-21,Sunday,,Closed
2025-12-22,Monday,4.632202575549265,Open
2025-12-23,Tuesday,4.6322012592633754,Open
2025-12-24,Wednesday,4.632200601120431,Open
2025-12-25,Thursday,,Closed
2025-12-26,Friday,4.632202575549265,Open
2025-12-27,Saturday,,Closed
2025-12-28,Sunday,,Closed
2025-12-29,Monday,4.63220191740632,Open
2025-12-30,Tuesday,4.632203233692209,Open
2025-12-31,Wednesday,4.632202575549265,Open
