Date,Day,Predicted_Price,Market_Status
2025-01-01,Wednesday,1356.3691697721715,Open
2025-01-02,Thursday,1298.9864560976275,Open
2025-01-03,Friday,1206.2871016925474,Open
2025-01-04,Saturday,,Closed
2025-01-05,Sunday,,Closed
2025-01-06,Monday,1095.738525193481,Open
2025-01-07,Tuesday,980.6645838170489,Open
2025-01-08,Wednesday,869.8812304264729,Open
2025-01-09,Thursday,768.7022844827151,Open
2025-01-10,Friday,679.8111598962287,Open
2025-01-11,Saturday,,Closed
2025-01-12,Sunday,,Closed
2025-01-13,Monday,604.0416638423521,Open
2025-01-14,Tuesday,541.020946978505,Open
2025-01-15,Wednesday,489.66694929498135,Open
2025-01-16,Thursday,448.5474377353662,Open
2025-01-17,Friday,416.12340142359335,Open
2025-01-18,Saturday,,Closed
2025-01-19,Sunday,,Closed
2025-01-20,Monday,390.9017752854486,Open
2025-01-21,Tuesday,371.52228377002393,Open
2025-01-22,Wednesday,356.79843390679014,Open
2025-01-23,Thursday,345.7288030866364,Open
2025-01-24,Friday,337.489769439872,Open
2025-01-25,Saturday,,Closed
2025-01-26,Sunday,,Closed
2025-01-27,Monday,331.4184094768526,Open
2025-01-28,Tuesday,326.9905605065842,Open
2025-01-29,Wednesday,323.79822268935675,Open
2025-01-30,Thursday,321.52777815235845,Open
2025-01-31,Friday,319.9408515691721,Open
2025-02-01,Saturday,,Closed
2025-02-02,Sunday,,Closed
2025-02-03,Monday,318.8578849553371,Open
2025-02-04,Tuesday,318.1444658542298,Open
2025-02-05,Wednesday,317.70054322498413,Open
2025-02-06,Thursday,317.4518202995871,Open
2025-02-07,Friday,317.3431677121381,Open
2025-02-08,Saturday,,Closed
2025-02-09,Sunday,,Closed
2025-02-10,Monday,317.33370433200025,Open
2025-02-11,Tuesday,317.39303093923934,Open
2025-02-12,Wednesday,317.4985551828107,Open
2025-02-13,Thursday,317.633420941499,Open
2025-02-14,Friday,317.7850420876106,Open
2025-02-15,Saturday,,Closed
2025-02-16,Sunday,,Closed
2025-02-17,Monday,317.9442126718096,Open
2025-02-18,Tuesday,318.1040660072664,Open
2025-02-19,Wednesday,318.2597053124193,Open
2025-02-20,Thursday,318.4077056383362,Open
2025-02-21,Friday,318.54576130044177,Open
2025-02-22,Saturday,,Closed
2025-02-23,Sunday,,Closed
2025-02-24,Monday,318.67251239254233,Open
2025-02-25,Tuesday,318.78725377809303,Open
2025-02-26,Wednesday,318.8897895858314,Open
2025-02-27,Thursday,318.9803604575942,Open
2025-02-28,Friday,319.05949244762917,Open
2025-03-01,Saturday,,Closed
2025-03-02,Sunday,,Closed
2025-03-03,Monday,319.1278850961594,Open
2025-03-04,Tuesday,319.1863946404179,Open
2025-03-05,Wednesday,319.23593887717743,Open
2025-03-06,Thursday,319.2774859701067,Open
2025-03-07,Friday,319.31188096379515,Open
2025-03-08,Saturday,,Closed
2025-03-09,Sunday,,Closed
2025-03-10,Monday,319.34010321455514,Open
2025-03-11,Tuesday,319.3629865743326,Open
2025-03-12,Wednesday,319.3812921428902,Open
2025-03-13,Thursday,319.3957250567728,Open
2025-03-14,Friday,,Closed
2025-03-15,Saturday,,Closed
2025-03-16,Sunday,,Closed
2025-03-17,Monday,319.4069512782728,Open
2025-03-18,Tuesday,319.41550805428153,Open
2025-03-19,Wednesday,319.4218710721507,Open
2025-03-20,Thursday,319.42650482658837,Open
2025-03-21,Friday,319.4297339042581,Open
2025-03-22,Saturday,,Closed
2025-03-23,Sunday,,Closed
2025-03-24,Monday,319.4318493138927,Open
2025-03-25,Tuesday,319.4331252752596,Open
2025-03-26,Wednesday,319.4337856412302,Open
2025-03-27,Thursday,319.4339703198491,Open
2025-03-28,Friday,319.433791237552,Open
2025-03-29,Saturday,,Closed
2025-03-30,Sunday,,Closed
2025-03-31,Monday,319.43340509134885,Open
2025-04-01,Tuesday,319.4328734407793,Open
2025-04-02,Wednesday,319.4322466527394,Open
2025-04-03,Thursday,319.4315694978035,Open
2025-04-04,Friday,319.4309091318329,Open
2025-04-05,Saturday,,Closed
2025-04-06,Sunday,,Closed
2025-04-07,Monday,319.43026555482766,Open
2025-04-08,Tuesday,319.4296723447185,Open
2025-04-09,Wednesday,319.42910711621823,Open
2025-04-10,Thursday,,Closed
2025-04-11,Friday,319.4286090435794,Open
2025-04-12,Saturday,,Closed
2025-04-13,Sunday,,Closed
2025-04-14,Monday,,Closed
2025-04-15,Tuesday,319.4281725304802,Open
2025-04-16,Wednesday,319.42778078795527,Open
2025-04-17,Thursday,319.42746179761355,Open
2025-04-18,Friday,319.4271428072718,Open
2025-04-19,Saturday,,Closed
2025-04-20,Sunday,,Closed
2025-04-21,Monday,319.4268965691133,Open
2025-04-22,Tuesday,319.426723083138,Open
2025-04-23,Wednesday,319.42654959716265,Open
2025-04-24,Thursday,319.4263929001527,Open
2025-04-25,Friday,319.4262697810734,Open
2025-04-26,Saturday,,Closed
2025-04-27,Sunday,,Closed
2025-04-28,Monday,319.42619143256843,Open
2025-04-29,Tuesday,319.42611868038523,Open
2025-04-30,Wednesday,319.4260515245238,Open
2025-05-01,Thursday,,Closed
2025-05-02,Friday,319.42600675394954,Open
2025-05-03,Saturday,,Closed
2025-05-04,Sunday,,Closed
2025-05-05,Monday,319.4259843686624,Open
2025-05-06,Tuesday,319.42596757969704,Open
2025-05-07,Wednesday,319.4259507907317,Open
2025-05-08,Thursday,319.42592280912277,Open
2025-05-09,Friday,319.42593400176634,Open
2025-05-10,Saturday,,Closed
2025-05-11,Sunday,,Closed
2025-05-12,Monday,319.4259060201574,Open
2025-05-13,Tuesday,319.42592280912277,Open
2025-05-14,Wednesday,319.42593400176634,Open
2025-05-15,Thursday,319.425917212801,Open
2025-05-16,Friday,319.42592840544455,Open
2025-05-17,Saturday,,Closed
2025-05-18,Sunday,,Closed
2025-05-19,Monday,319.42592280912277,Open
2025-05-20,Tuesday,319.42592840544455,Open
2025-05-21,Wednesday,319.4259395980881,Open
2025-05-22,Thursday,319.42592840544455,Open
2025-05-23,Friday,319.42592840544455,Open
2025-05-24,Saturday,,Closed
2025-05-25,Sunday,,Closed
2025-05-26,Monday,319.42592280912277,Open
2025-05-27,Tuesday,319.42592280912277,Open
2025-05-28,Wednesday,319.42593400176634,Open
2025-05-29,Thursday,319.42593400176634,Open
2025-05-30,Friday,319.4259451944099,Open
2025-05-31,Saturday,,Closed
2025-06-01,Sunday,,Closed
2025-06-02,Monday,319.4259451944099,Open
2025-06-03,Tuesday,319.4259451944099,Open
2025-06-04,Wednesday,319.4259395980881,Open
2025-06-05,Thursday,319.4259451944099,Open
2025-06-06,Friday,319.4259395980881,Open
2025-06-07,Saturday,,Closed
2025-06-08,Sunday,,Closed
2025-06-09,Monday,319.4259507907317,Open
2025-06-10,Tuesday,319.4259451944099,Open
2025-06-11,Wednesday,319.4259451944099,Open
2025-06-12,Thursday,319.4259451944099,Open
2025-06-13,Friday,319.4259395980881,Open
2025-06-14,Saturday,,Closed
2025-06-15,Sunday,,Closed
2025-06-16,Monday,319.4259507907317,Open
2025-06-17,Tuesday,319.4259507907317,Open
2025-06-18,Wednesday,319.4259507907317,Open
2025-06-19,Thursday,319.4259507907317,Open
2025-06-20,Friday,319.4259451944099,Open
2025-06-21,Saturday,,Closed
2025-06-22,Sunday,,Closed
2025-06-23,Monday,319.42596198337526,Open
2025-06-24,Tuesday,319.4259563870535,Open
2025-06-25,Wednesday,319.4259563870535,Open
2025-06-26,Thursday,319.42596198337526,Open
2025-06-27,Friday,319.4259451944099,Open
2025-06-28,Saturday,,Closed
2025-06-29,Sunday,,Closed
2025-06-30,Monday,319.4259563870535,Open
2025-07-01,Tuesday,319.42596198337526,Open
2025-07-02,Wednesday,319.42597317601883,Open
2025-07-03,Thursday,319.42596198337526,Open
2025-07-04,Friday,319.42596757969704,Open
2025-07-05,Saturday,,Closed
2025-07-06,Sunday,,Closed
2025-07-07,Monday,319.42596757969704,Open
2025-07-08,Tuesday,319.42596757969704,Open
2025-07-09,Wednesday,319.4259563870535,Open
2025-07-10,Thursday,319.42596198337526,Open
2025-07-11,Friday,319.42596757969704,Open
2025-07-12,Saturday,,Closed
2025-07-13,Sunday,,Closed
2025-07-14,Monday,319.4259563870535,Open
2025-07-15,Tuesday,319.42596757969704,Open
2025-07-16,Wednesday,319.4259563870535,Open
2025-07-17,Thursday,319.42596198337526,Open
2025-07-18,Friday,319.42596198337526,Open
2025-07-19,Saturday,,Closed
2025-07-20,Sunday,,Closed
2025-07-21,Monday,319.42596198337526,Open
2025-07-22,Tuesday,319.42596757969704,Open
2025-07-23,Wednesday,319.4259563870535,Open
2025-07-24,Thursday,319.4259563870535,Open
2025-07-25,Friday,319.4259563870535,Open
2025-07-26,Saturday,,Closed
2025-07-27,Sunday,,Closed
2025-07-28,Monday,319.4259563870535,Open
2025-07-29,Tuesday,319.4259563870535,Open
2025-07-30,Wednesday,319.4259563870535,Open
2025-07-31,Thursday,319.4259563870535,Open
2025-08-01,Friday,319.4259507907317,Open
2025-08-02,Saturday,,Closed
2025-08-03,Sunday,,Closed
2025-08-04,Monday,319.4259563870535,Open
2025-08-05,Tuesday,319.4259563870535,Open
2025-08-06,Wednesday,319.42596198337526,Open
2025-08-07,Thursday,319.4259563870535,Open
2025-08-08,Friday,319.4259563870535,Open
2025-08-09,Saturday,,Closed
2025-08-10,Sunday,,Closed
2025-08-11,Monday,319.42596198337526,Open
2025-08-12,Tuesday,319.42596757969704,Open
2025-08-13,Wednesday,319.4259563870535,Open
2025-08-14,Thursday,319.42596198337526,Open
2025-08-15,Friday,,Closed
2025-08-16,Saturday,,Closed
2025-08-17,Sunday,,Closed
2025-08-18,Monday,319.4259563870535,Open
2025-08-19,Tuesday,319.42597317601883,Open
2025-08-20,Wednesday,319.4259563870535,Open
2025-08-21,Thursday,319.42596198337526,Open
2025-08-22,Friday,319.4259563870535,Open
2025-08-23,Saturday,,Closed
2025-08-24,Sunday,,Closed
2025-08-25,Monday,319.4259563870535,Open
2025-08-26,Tuesday,319.4259563870535,Open
2025-08-27,Wednesday,319.42596198337526,Open
2025-08-28,Thursday,319.42596198337526,Open
2025-08-29,Friday,319.42596198337526,Open
2025-08-30,Saturday,,Closed
2025-08-31,Sunday,,Closed
2025-09-01,Monday,319.42596757969704,Open
2025-09-02,Tuesday,319.42596757969704,Open
2025-09-03,Wednesday,319.4259563870535,Open
2025-09-04,Thursday,319.4259563870535,Open
2025-09-05,Friday,319.42596198337526,Open
2025-09-06,Saturday,,Closed
2025-09-07,Sunday,,Closed
2025-09-08,Monday,319.42596757969704,Open
2025-09-09,Tuesday,319.42596198337526,Open
2025-09-10,Wednesday,319.4259563870535,Open
2025-09-11,Thursday,319.4259563870535,Open
2025-09-12,Friday,319.4259563870535,Open
2025-09-13,Saturday,,Closed
2025-09-14,Sunday,,Closed
2025-09-15,Monday,319.4259563870535,Open
2025-09-16,Tuesday,319.4259563870535,Open
2025-09-17,Wednesday,319.42596198337526,Open
2025-09-18,Thursday,319.42596198337526,Open
2025-09-19,Friday,319.4259563870535,Open
2025-09-20,Saturday,,Closed
2025-09-21,Sunday,,Closed
2025-09-22,Monday,319.4259563870535,Open
2025-09-23,Tuesday,319.42596198337526,Open
2025-09-24,Wednesday,319.4259563870535,Open
2025-09-25,Thursday,319.42596198337526,Open
2025-09-26,Friday,319.42596198337526,Open
2025-09-27,Saturday,,Closed
2025-09-28,Sunday,,Closed
2025-09-29,Monday,319.42596757969704,Open
2025-09-30,Tuesday,319.4259563870535,Open
2025-10-01,Wednesday,319.42596757969704,Open
2025-10-02,Thursday,,Closed
2025-10-03,Friday,319.42596757969704,Open
2025-10-04,Saturday,,Closed
2025-10-05,Sunday,,Closed
2025-10-06,Monday,319.4259563870535,Open
2025-10-07,Tuesday,319.4259563870535,Open
2025-10-08,Wednesday,319.4259563870535,Open
2025-10-09,Thursday,319.4259563870535,Open
2025-10-10,Friday,319.4259563870535,Open
2025-10-11,Saturday,,Closed
2025-10-12,Sunday,,Closed
2025-10-13,Monday,319.4259563870535,Open
2025-10-14,Tuesday,319.4259563870535,Open
2025-10-15,Wednesday,319.4259563870535,Open
2025-10-16,Thursday,319.42596198337526,Open
2025-10-17,Friday,319.42596757969704,Open
2025-10-18,Saturday,,Closed
2025-10-19,Sunday,,Closed
2025-10-20,Monday,,Closed
2025-10-21,Tuesday,319.42596198337526,Open
2025-10-22,Wednesday,319.42596198337526,Open
2025-10-23,Thursday,319.42596198337526,Open
2025-10-24,Friday,319.4259563870535,Open
2025-10-25,Saturday,,Closed
2025-10-26,Sunday,,Closed
2025-10-27,Monday,319.42596198337526,Open
2025-10-28,Tuesday,319.4259563870535,Open
2025-10-29,Wednesday,319.42596198337526,Open
2025-10-30,Thursday,319.4259563870535,Open
2025-10-31,Friday,319.4259507907317,Open
2025-11-01,Saturday,,Closed
2025-11-02,Sunday,,Closed
2025-11-03,Monday,319.42596198337526,Open
2025-11-04,Tuesday,319.4259563870535,Open
2025-11-05,Wednesday,319.4259563870535,Open
2025-11-06,Thursday,319.42596198337526,Open
2025-11-07,Friday,319.4259563870535,Open
2025-11-08,Saturday,,Closed
2025-11-09,Sunday,,Closed
2025-11-10,Monday,319.42596198337526,Open
2025-11-11,Tuesday,319.4259563870535,Open
2025-11-12,Wednesday,319.42596198337526,Open
2025-11-13,Thursday,319.42597317601883,Open
2025-11-14,Friday,319.42596198337526,Open
2025-11-15,Saturday,,Closed
2025-11-16,Sunday,,Closed
2025-11-17,Monday,319.42597317601883,Open
2025-11-18,Tuesday,319.4259563870535,Open
2025-11-19,Wednesday,319.42596198337526,Open
2025-11-20,Thursday,319.42596198337526,Open
2025-11-21,Friday,319.42596198337526,Open
2025-11-22,Saturday,,Closed
2025-11-23,Sunday,,Closed
2025-11-24,Monday,319.42596198337526,Open
2025-11-25,Tuesday,319.42596198337526,Open
2025-11-26,Wednesday,319.42596757969704,Open
2025-11-27,Thursday,319.4259563870535,Open
2025-11-28,Friday,319.4259563870535,Open
2025-11-29,Saturday,,Closed
2025-11-30,Sunday,,Closed
2025-12-01,Monday,319.42596757969704,Open
2025-12-02,Tuesday,319.42596757969704,Open
2025-12-03,Wednesday,319.42596198337526,Open
2025-12-04,Thursday,319.4259563870535,Open
2025-12-05,Friday,319.4259563870535,Open
2025-12-06,Saturday,,Closed
2025-12-07,Sunday,,Closed
2025-12-08,Monday,319.42596198337526,Open
2025-12-09,Tuesday,319.42596198337526,Open
2025-12-10,Wednesday,319.4259563870535,Open
2025-12-11,Thursday,319.4259563870535,Open
2025-12-12,Friday,319.42596757969704,Open
2025-12-13,Saturday,,Closed
2025-12-14,Sunday,,Closed
2025-12-15,Monday,319.42596757969704,Open
2025-12-16,Tuesday,319.42597317601883,Open
2025-12-17,Wednesday,319.4259563870535,Open
2025-12-18,Thursday,319.42596757969704,Open
2025-12-19,Friday,319.42596198337526,Open
2025-12-20,Saturday,,Closed
2025-12-21,Sunday,,Closed
2025-12-22,Monday,319.42596198337526,Open
2025-12-23,Tuesday,319.42596198337526,Open
2025-12-24,Wednesday,319.42596757969704,Open
2025-12-25,Thursday,,Closed
2025-12-26,Friday,319.4259563870535,Open
2025-12-27,Saturday,,Closed
2025-12-28,Sunday,,Closed
2025-12-29,Monday,319.4259563870535,Open
2025-12-30,Tuesday,319.4259563870535,Open
2025-12-31,Wednesday,319.4259563870535,Open
