Date,Day,Predicted_Price,Market_Status
2025-01-01,Wednesday,10228.026891379035,Open
2025-01-02,Thursday,9941.890821234963,Open
2025-01-03,Friday,9387.229304231587,Open
2025-01-04,Saturday,,Closed
2025-01-05,Sunday,,Closed
2025-01-06,Monday,8701.87292747834,Open
2025-01-07,Tuesday,7965.916657225171,Open
2025-01-08,Wednesday,7239.369046902299,Open
2025-01-09,Thursday,6559.875181440453,Open
2025-01-10,Friday,5947.080300993257,Open
2025-01-11,Saturday,,Closed
2025-01-12,Sunday,,Closed
2025-01-13,Monday,5408.037945613629,Open
2025-01-14,Tuesday,4942.214859867148,Open
2025-01-15,Wednesday,4545.248382090205,Open
2025-01-16,Thursday,4211.262944479473,Open
2025-01-17,Friday,3933.98736692029,Open
2025-01-18,Saturday,,Closed
2025-01-19,Sunday,,Closed
2025-01-20,Monday,3707.1529431634117,Open
2025-01-21,Tuesday,3524.5897841393235,Open
2025-01-22,Wednesday,3380.278528617311,Open
2025-01-23,Thursday,3268.4403987785045,Open
2025-01-24,Friday,3183.658265004741,Open
2025-01-25,Saturday,,Closed
2025-01-26,Sunday,,Closed
2025-01-27,Monday,3120.9930721697747,Open
2025-01-28,Tuesday,3076.0652195037337,Open
2025-01-29,Wednesday,3045.0927165312623,Open
2025-01-30,Thursday,3024.887283297563,Open
2025-01-31,Friday,3012.8183590624976,Open
2025-02-01,Saturday,,Closed
2025-02-02,Sunday,,Closed
2025-02-03,Monday,3006.7589693149603,Open
2025-02-04,Tuesday,3005.019395256373,Open
2025-02-05,Wednesday,3006.2813414931898,Open
2025-02-06,Thursday,3009.5335811768,Open
2025-02-07,Friday,3014.015022739688,Open
2025-02-08,Saturday,,Closed
2025-02-09,Sunday,,Closed
2025-02-10,Monday,3019.1637551396816,Open
2025-02-11,Tuesday,3024.5754044587593,Open
2025-02-12,Wednesday,3029.967159776772,Open
2025-02-13,Thursday,3035.1489114082397,Open
2025-02-14,Friday,3040.000608161934,Open
2025-02-15,Saturday,,Closed
2025-02-16,Sunday,,Closed
2025-02-17,Monday,3044.4536346317636,Open
2025-02-18,Tuesday,3048.4768957038013,Open
2025-02-19,Wednesday,3052.0653062102447,Open
2025-02-20,Thursday,3055.23140727439,Open
2025-02-21,Friday,3057.999233185953,Open
2025-02-22,Saturday,,Closed
2025-02-23,Sunday,,Closed
2025-02-24,Monday,3060.399930597723,Open
2025-02-25,Tuesday,3062.467480799948,Open
2025-02-26,Wednesday,3064.23720509331,Open
2025-02-27,Thursday,3065.7436688751686,Open
2025-02-28,Friday,3067.019599323442,Open
2025-03-01,Saturday,,Closed
2025-03-02,Sunday,,Closed
2025-03-03,Monday,3068.0953356487353,Open
2025-03-04,Tuesday,3068.998537040785,Open
2025-03-05,Wednesday,3069.753959333386,Open
2025-03-06,Thursday,3070.3835752617388,Open
2025-03-07,Friday,3070.906437025482,Open
2025-03-08,Saturday,,Closed
2025-03-09,Sunday,,Closed
2025-03-10,Monday,3071.339500910497,Open
2025-03-11,Tuesday,3071.6969572836924,Open
2025-03-12,Wednesday,3071.9913988072276,Open
2025-03-13,Thursday,3072.232755302014,Open
2025-03-14,Friday,,Closed
2025-03-15,Saturday,,Closed
2025-03-16,Sunday,,Closed
2025-03-17,Monday,3072.4305270984396,Open
2025-03-18,Tuesday,3072.591946816926,Open
2025-03-19,Wednesday,3072.723422456089,Open
2025-03-20,Thursday,3072.8298845671425,Open
2025-03-21,Friday,3072.916160623575,Open
2025-03-22,Saturday,,Closed
2025-03-23,Sunday,,Closed
2025-03-24,Monday,3072.9857896273024,Open
2025-03-25,Tuesday,3073.041623395404,Open
2025-03-26,Wednesday,3073.0864965653363,Open
2025-03-27,Thursday,3073.1221099195745,Open
2025-03-28,Friday,3073.150490653391,Open
2025-03-29,Saturday,,Closed
2025-03-30,Sunday,,Closed
2025-03-31,Monday,3073.1727898013896,Open
2025-04-01,Tuesday,3073.1901755777953,Open
2025-04-02,Wednesday,3073.203902094938,Open
2025-04-03,Thursday,3073.2142442267523,Open
2025-04-04,Friday,3073.222181211633,Open
2025-04-05,Saturday,,Closed
2025-04-06,Sunday,,Closed
2025-04-07,Monday,3073.228176899346,Open
2025-04-08,Tuesday,3073.2326436007943,Open
2025-04-09,Wednesday,3073.23580465105,Open
2025-04-10,Thursday,,Closed
2025-04-11,Friday,3073.2379005648063,Open
2025-04-12,Saturday,,Closed
2025-04-13,Sunday,,Closed
2025-04-14,Monday,,Closed
2025-04-15,Tuesday,3073.2393951918293,Open
2025-04-16,Wednesday,3073.240288532119,Open
2025-04-17,Thursday,3073.240649304159,Open
2025-04-18,Friday,3073.2407695615057,Open
2025-04-19,Saturday,,Closed
2025-04-20,Sunday,,Closed
2025-04-21,Monday,3073.2405290468123,Open
2025-04-22,Tuesday,3073.240254172877,Open
2025-04-23,Wednesday,3073.239910580458,Open
2025-04-24,Thursday,3073.2393780122084,Open
2025-04-25,Friday,3073.238845443959,Open
2025-04-26,Saturday,,Closed
2025-04-27,Sunday,,Closed
2025-04-28,Monday,3073.2381582591206,Open
2025-04-29,Tuesday,3073.237677229734,Open
2025-04-30,Wednesday,3073.2371274818634,Open
2025-05-01,Thursday,,Closed
2025-05-02,Friday,3073.2367495302024,Open
2025-05-03,Saturday,,Closed
2025-05-04,Sunday,,Closed
2025-05-05,Monday,3073.236182602711,Open
2025-05-06,Tuesday,3073.2356500344613,Open
2025-05-07,Wednesday,3073.2352892624212,Open
2025-05-08,Thursday,3073.2348425922764,Open
2025-05-09,Friday,3073.23455053872,Open
2025-05-10,Saturday,,Closed
2025-05-11,Sunday,,Closed
2025-05-12,Monday,3073.234258485164,Open
2025-05-13,Tuesday,3073.233932072366,Open
2025-05-14,Wednesday,3073.2336915576725,Open
2025-05-15,Thursday,3073.233588479947,Open
2025-05-16,Friday,3073.2332448875277,Open
2025-05-17,Saturday,,Closed
2025-05-18,Sunday,,Closed
2025-05-19,Monday,3073.233055911697,Open
2025-05-20,Tuesday,3073.2329700135924,Open
2025-05-21,Wednesday,3073.232798217383,Open
2025-05-22,Thursday,3073.232677960036,Open
2025-05-23,Friday,3073.2326264211733,Open
2025-05-24,Saturday,,Closed
2025-05-25,Sunday,,Closed
2025-05-26,Monday,3073.2326092415524,Open
2025-05-27,Tuesday,3073.232437445343,Open
2025-05-28,Wednesday,3073.232351547238,Open
2025-05-29,Thursday,3073.2322828287543,Open
2025-05-30,Friday,3073.2322312898914,Open
2025-05-31,Saturday,,Closed
2025-06-01,Sunday,,Closed
2025-06-02,Monday,3073.2321282121657,Open
2025-06-03,Tuesday,3073.2322312898914,Open
2025-06-04,Wednesday,3073.2321625714076,Open
2025-06-05,Thursday,3073.2320938529238,Open
2025-06-06,Friday,3073.232076673303,Open
2025-06-07,Saturday,,Closed
2025-06-08,Sunday,,Closed
2025-06-09,Monday,3073.232076673303,Open
2025-06-10,Tuesday,3073.232042314061,Open
2025-06-11,Wednesday,3073.23202513444,Open
2025-06-12,Thursday,3073.231990775198,Open
2025-06-13,Friday,3073.231990775198,Open
2025-06-14,Saturday,,Closed
2025-06-15,Sunday,,Closed
2025-06-16,Monday,3073.231990775198,Open
2025-06-17,Tuesday,3073.231990775198,Open
2025-06-18,Wednesday,3073.231990775198,Open
2025-06-19,Thursday,3073.23202513444,Open
2025-06-20,Friday,3073.231956415956,Open
2025-06-21,Saturday,,Closed
2025-06-22,Sunday,,Closed
2025-06-23,Monday,3073.232042314061,Open
2025-06-24,Tuesday,3073.231956415956,Open
2025-06-25,Wednesday,3073.232059493682,Open
2025-06-26,Thursday,3073.23202513444,Open
2025-06-27,Friday,3073.231973595577,Open
2025-06-28,Saturday,,Closed
2025-06-29,Sunday,,Closed
2025-06-30,Monday,3073.231956415956,Open
2025-07-01,Tuesday,3073.2318876974723,Open
2025-07-02,Wednesday,3073.231956415956,Open
2025-07-03,Thursday,3073.231956415956,Open
2025-07-04,Friday,3073.231973595577,Open
2025-07-05,Saturday,,Closed
2025-07-06,Sunday,,Closed
2025-07-07,Monday,3073.2319048770933,Open
2025-07-08,Tuesday,3073.2319048770933,Open
2025-07-09,Wednesday,3073.2319048770933,Open
2025-07-10,Thursday,3073.2319048770933,Open
2025-07-11,Friday,3073.2318361586094,Open
2025-07-12,Saturday,,Closed
2025-07-13,Sunday,,Closed
2025-07-14,Monday,3073.2318361586094,Open
2025-07-15,Tuesday,3073.2318361586094,Open
2025-07-16,Wednesday,3073.2318361586094,Open
2025-07-17,Thursday,3073.2318017993675,Open
2025-07-18,Friday,3073.2318361586094,Open
2025-07-19,Saturday,,Closed
2025-07-20,Sunday,,Closed
2025-07-21,Monday,3073.2318705178513,Open
2025-07-22,Tuesday,3073.2318705178513,Open
2025-07-23,Wednesday,3073.2318361586094,Open
2025-07-24,Thursday,3073.2318705178513,Open
2025-07-25,Friday,3073.2318361586094,Open
2025-07-26,Saturday,,Closed
2025-07-27,Sunday,,Closed
2025-07-28,Monday,3073.2318361586094,Open
2025-07-29,Tuesday,3073.2318361586094,Open
2025-07-30,Wednesday,3073.2318361586094,Open
2025-07-31,Thursday,3073.2318361586094,Open
2025-08-01,Friday,3073.2318017993675,Open
2025-08-02,Saturday,,Closed
2025-08-03,Sunday,,Closed
2025-08-04,Monday,3073.2318017993675,Open
2025-08-05,Tuesday,3073.2318361586094,Open
2025-08-06,Wednesday,3073.2318361586094,Open
2025-08-07,Thursday,3073.2318705178513,Open
2025-08-08,Friday,3073.2318361586094,Open
2025-08-09,Saturday,,Closed
2025-08-10,Sunday,,Closed
2025-08-11,Monday,3073.2319048770933,Open
2025-08-12,Tuesday,3073.2317674401256,Open
2025-08-13,Wednesday,3073.2318361586094,Open
2025-08-14,Thursday,3073.2318705178513,Open
2025-08-15,Friday,,Closed
2025-08-16,Saturday,,Closed
2025-08-17,Sunday,,Closed
2025-08-18,Monday,3073.2318705178513,Open
2025-08-19,Tuesday,3073.2318361586094,Open
2025-08-20,Wednesday,3073.2318705178513,Open
2025-08-21,Thursday,3073.2318705178513,Open
2025-08-22,Friday,3073.2318705178513,Open
2025-08-23,Saturday,,Closed
2025-08-24,Sunday,,Closed
2025-08-25,Monday,3073.2318017993675,Open
2025-08-26,Tuesday,3073.2318705178513,Open
2025-08-27,Wednesday,3073.2319048770933,Open
2025-08-28,Thursday,3073.2318361586094,Open
2025-08-29,Friday,3073.2318705178513,Open
2025-08-30,Saturday,,Closed
2025-08-31,Sunday,,Closed
2025-09-01,Monday,3073.2318705178513,Open
2025-09-02,Tuesday,3073.2318361586094,Open
2025-09-03,Wednesday,3073.2318705178513,Open
2025-09-04,Thursday,3073.2318361586094,Open
2025-09-05,Friday,3073.2318705178513,Open
2025-09-06,Saturday,,Closed
2025-09-07,Sunday,,Closed
2025-09-08,Monday,3073.2318017993675,Open
2025-09-09,Tuesday,3073.2319048770933,Open
2025-09-10,Wednesday,3073.2318705178513,Open
2025-09-11,Thursday,3073.2318705178513,Open
2025-09-12,Friday,3073.2317674401256,Open
2025-09-13,Saturday,,Closed
2025-09-14,Sunday,,Closed
2025-09-15,Monday,3073.2318361586094,Open
2025-09-16,Tuesday,3073.2318705178513,Open
2025-09-17,Wednesday,3073.2318361586094,Open
2025-09-18,Thursday,3073.2318017993675,Open
2025-09-19,Friday,3073.2318361586094,Open
2025-09-20,Saturday,,Closed
2025-09-21,Sunday,,Closed
2025-09-22,Monday,3073.2318361586094,Open
2025-09-23,Tuesday,3073.2318705178513,Open
2025-09-24,Wednesday,3073.2318017993675,Open
2025-09-25,Thursday,3073.2318361586094,Open
2025-09-26,Friday,3073.2318017993675,Open
2025-09-27,Saturday,,Closed
2025-09-28,Sunday,,Closed
2025-09-29,Monday,3073.2318705178513,Open
2025-09-30,Tuesday,3073.2318361586094,Open
2025-10-01,Wednesday,3073.2318705178513,Open
2025-10-02,Thursday,,Closed
2025-10-03,Friday,3073.2318705178513,Open
2025-10-04,Saturday,,Closed
2025-10-05,Sunday,,Closed
2025-10-06,Monday,3073.2318705178513,Open
2025-10-07,Tuesday,3073.2318705178513,Open
2025-10-08,Wednesday,3073.2318705178513,Open
2025-10-09,Thursday,3073.2318705178513,Open
2025-10-10,Friday,3073.2318361586094,Open
2025-10-11,Saturday,,Closed
2025-10-12,Sunday,,Closed
2025-10-13,Monday,3073.2318361586094,Open
2025-10-14,Tuesday,3073.2318361586094,Open
2025-10-15,Wednesday,3073.2318361586094,Open
2025-10-16,Thursday,3073.2318705178513,Open
2025-10-17,Friday,3073.2318705178513,Open
2025-10-18,Saturday,,Closed
2025-10-19,Sunday,,Closed
2025-10-20,Monday,,Closed
2025-10-21,Tuesday,3073.2318705178513,Open
2025-10-22,Wednesday,3073.2318705178513,Open
2025-10-23,Thursday,3073.2318017993675,Open
2025-10-24,Friday,3073.2318705178513,Open
2025-10-25,Saturday,,Closed
2025-10-26,Sunday,,Closed
2025-10-27,Monday,3073.2318361586094,Open
2025-10-28,Tuesday,3073.2318017993675,Open
2025-10-29,Wednesday,3073.2318705178513,Open
2025-10-30,Thursday,3073.2318017993675,Open
2025-10-31,Friday,3073.2318705178513,Open
2025-11-01,Saturday,,Closed
2025-11-02,Sunday,,Closed
2025-11-03,Monday,3073.2318361586094,Open
2025-11-04,Tuesday,3073.2318017993675,Open
2025-11-05,Wednesday,3073.2318361586094,Open
2025-11-06,Thursday,3073.2318705178513,Open
2025-11-07,Friday,3073.2318017993675,Open
2025-11-08,Saturday,,Closed
2025-11-09,Sunday,,Closed
2025-11-10,Monday,3073.2318361586094,Open
2025-11-11,Tuesday,3073.2318705178513,Open
2025-11-12,Wednesday,3073.2318705178513,Open
2025-11-13,Thursday,3073.2318705178513,Open
2025-11-14,Friday,3073.2319048770933,Open
2025-11-15,Saturday,,Closed
2025-11-16,Sunday,,Closed
2025-11-17,Monday,3073.2318361586094,Open
2025-11-18,Tuesday,3073.2318361586094,Open
2025-11-19,Wednesday,3073.2318705178513,Open
2025-11-20,Thursday,3073.2318705178513,Open
2025-11-21,Friday,3073.2318361586094,Open
2025-11-22,Saturday,,Closed
2025-11-23,Sunday,,Closed
2025-11-24,Monday,3073.2318705178513,Open
2025-11-25,Tuesday,3073.2318361586094,Open
2025-11-26,Wednesday,3073.2318361586094,Open
2025-11-27,Thursday,3073.2318361586094,Open
2025-11-28,Friday,3073.2318705178513,Open
2025-11-29,Saturday,,Closed
2025-11-30,Sunday,,Closed
2025-12-01,Monday,3073.2318361586094,Open
2025-12-02,Tuesday,3073.2318361586094,Open
2025-12-03,Wednesday,3073.2318705178513,Open
2025-12-04,Thursday,3073.2318017993675,Open
2025-12-05,Friday,3073.2318705178513,Open
2025-12-06,Saturday,,Closed
2025-12-07,Sunday,,Closed
2025-12-08,Monday,3073.2318017993675,Open
2025-12-09,Tuesday,3073.2318361586094,Open
2025-12-10,Wednesday,3073.2318705178513,Open
2025-12-11,Thursday,3073.2318017993675,Open
2025-12-12,Friday,3073.2318705178513,Open
2025-12-13,Saturday,,Closed
2025-12-14,Sunday,,Closed
2025-12-15,Monday,3073.2318705178513,Open
2025-12-16,Tuesday,3073.2318705178513,Open
2025-12-17,Wednesday,3073.2318705178513,Open
2025-12-18,Thursday,3073.2318017993675,Open
2025-12-19,Friday,3073.2318361586094,Open
2025-12-20,Saturday,,Closed
2025-12-21,Sunday,,Closed
2025-12-22,Monday,3073.2318705178513,Open
2025-12-23,Tuesday,3073.2318705178513,Open
2025-12-24,Wednesday,3073.2318361586094,Open
2025-12-25,Thursday,,Closed
2025-12-26,Friday,3073.2318361586094,Open
2025-12-27,Saturday,,Closed
2025-12-28,Sunday,,Closed
2025-12-29,Monday,3073.2318705178513,Open
2025-12-30,Tuesday,3073.2318361586094,Open
2025-12-31,Wednesday,3073.2318017993675,Open
