Date,Day,Predicted_Price,Market_Status
2025-01-01,Wednesday,717.9395288723535,Open
2025-01-02,Thursday,668.1540894347027,Open
2025-01-03,Friday,609.3918011678952,Open
2025-01-04,Saturday,,Closed
2025-01-05,Sunday,,Closed
2025-01-06,Monday,549.2664034092477,Open
2025-01-07,Tuesday,493.1451528314856,Open
2025-01-08,Wednesday,443.5071452342627,Open
2025-01-09,Thursday,401.25374346734225,Open
2025-01-10,Friday,366.4219446759532,Open
2025-01-11,Saturday,,Closed
2025-01-12,Sunday,,Closed
2025-01-13,Monday,338.5708712872415,Open
2025-01-14,Tuesday,316.9956941931756,Open
2025-01-15,Wednesday,300.8620899278876,Open
2025-01-16,Thursday,289.2995381947319,Open
2025-01-17,Friday,281.46517304098074,Open
2025-01-18,Saturday,,Closed
2025-01-19,Sunday,,Closed
2025-01-20,Monday,276.5842161357515,Open
2025-01-21,Tuesday,273.9721050296294,Open
2025-01-22,Wednesday,273.04344232305573,Open
2025-01-23,Thursday,273.3119565205121,Open
2025-01-24,Friday,274.3846714787714,Open
2025-01-25,Saturday,,Closed
2025-01-26,Sunday,,Closed
2025-01-27,Monday,275.9526897421032,Open
2025-01-28,Tuesday,277.78034262706433,Open
2025-01-29,Wednesday,279.69386403319993,Open
2025-01-30,Thursday,281.5703904688741,Open
2025-01-31,Friday,283.32798321784,Open
2025-02-01,Saturday,,Closed
2025-02-02,Sunday,,Closed
2025-02-03,Monday,284.91659870445324,Open
2025-02-04,Tuesday,286.31041591382404,Open
2025-02-05,Wednesday,287.5013969051597,Open
2025-02-06,Thursday,288.4940303986432,Open
2025-02-07,Friday,289.3011344740993,Open
2025-02-08,Saturday,,Closed
2025-02-09,Sunday,,Closed
2025-02-10,Monday,289.9405683224885,Open
2025-02-11,Tuesday,290.43279215673783,Open
2025-02-12,Wednesday,290.799031707945,Open
2025-02-13,Thursday,291.06002120974586,Open
2025-02-14,Friday,291.2351552389774,Open
2025-02-15,Saturday,,Closed
2025-02-16,Sunday,,Closed
2025-02-17,Monday,291.34195807240053,Open
2025-02-18,Tuesday,291.3958444622714,Open
2025-02-19,Wednesday,291.4100195970352,Open
2025-02-20,Thursday,291.3955530434223,Open
2025-02-21,Friday,291.3614831352894,Open
2025-02-22,Saturday,,Closed
2025-02-23,Sunday,,Closed
2025-02-24,Monday,291.3150518485131,Open
2025-02-25,Tuesday,291.26188313192733,Open
2025-02-26,Wednesday,291.20623952989183,Open
2025-02-27,Thursday,291.151213561835,Open
2025-02-28,Friday,291.0989625971471,Open
2025-03-01,Saturday,,Closed
2025-03-02,Sunday,,Closed
2025-03-03,Monday,291.05087413751255,Open
2025-03-04,Tuesday,291.00775719645276,Open
2025-03-05,Wednesday,290.96995103770246,Open
2025-03-06,Thursday,290.9374730594019,Open
2025-03-07,Friday,290.910105784798,Open
2025-03-08,Saturday,,Closed
2025-03-09,Sunday,,Closed
2025-03-10,Monday,290.8874838529457,Open
2025-03-11,Tuesday,290.8691462131285,Open
2025-03-12,Wednesday,290.8545839697442,Open
2025-03-13,Thursday,290.84327952812066,Open
2025-03-14,Friday,,Closed
2025-03-15,Saturday,,Closed
2025-03-16,Sunday,,Closed
2025-03-17,Monday,290.83473704126084,Open
2025-03-18,Tuesday,290.8284911089132,Open
2025-03-19,Wednesday,290.8241198261769,Open
2025-03-20,Thursday,290.8212447835016,Open
2025-03-21,Friday,290.81954411529273,Open
2025-03-22,Saturday,,Closed
2025-03-23,Sunday,,Closed
2025-03-24,Monday,290.81873945130644,Open
2025-03-25,Tuesday,290.81859591664943,Open
2025-03-26,Wednesday,290.8189351803842,Open
2025-03-27,Thursday,290.8195919601784,Open
2025-03-28,Friday,290.8204531681205,Open
2025-03-29,Saturday,,Closed
2025-03-30,Sunday,,Closed
2025-03-31,Monday,290.8214231144391,Open
2025-04-01,Tuesday,290.82244090564336,Open
2025-04-02,Wednesday,290.82344564824245,Open
2025-04-03,Thursday,290.824411245026,Open
2025-04-04,Friday,290.82530724924857,Open
2025-04-05,Saturday,,Closed
2025-04-06,Sunday,,Closed
2025-04-07,Monday,290.82612496184004,Open
2025-04-08,Tuesday,290.8268643828004,Open
2025-04-09,Wednesday,290.82750811398944,Open
2025-04-10,Thursday,,Closed
2025-04-11,Friday,290.82807355354737,Open
2025-04-12,Saturday,,Closed
2025-04-13,Sunday,,Closed
2025-04-14,Monday,,Closed
2025-04-15,Tuesday,290.82855635193914,Open
2025-04-16,Wednesday,290.82896955776994,Open
2025-04-17,Thursday,290.8293175205748,Open
2025-04-18,Friday,290.82961328895897,Open
2025-04-19,Saturday,,Closed
2025-04-20,Sunday,,Closed
2025-04-21,Monday,290.8298568629224,Open
2025-04-22,Tuesday,290.83005259200013,Open
2025-04-23,Wednesday,290.8302135247974,Open
2025-04-24,Thursday,290.8303440108492,Open
2025-04-25,Friday,290.83045274922574,Open
2025-04-26,Saturday,,Closed
2025-04-27,Sunday,,Closed
2025-04-28,Monday,290.83053973992696,Open
2025-04-29,Tuesday,290.8306049829529,Open
2025-04-30,Wednesday,290.8306571773736,Open
2025-05-01,Thursday,,Closed
2025-05-02,Friday,290.8307006727242,Open
2025-05-03,Saturday,,Closed
2025-05-04,Sunday,,Closed
2025-05-05,Monday,290.8307354690047,Open
2025-05-06,Tuesday,290.83076591575013,Open
2025-05-07,Wednesday,290.83078766342544,Open
2025-05-08,Thursday,290.8308007120306,Open
2025-05-09,Friday,290.83081811017087,Open
2025-05-10,Saturday,,Closed
2025-05-11,Sunday,,Closed
2025-05-12,Monday,290.830826809241,Open
2025-05-13,Tuesday,290.8308355083111,Open
2025-05-14,Wednesday,290.83084420738123,Open
2025-05-15,Thursday,290.8308485569163,Open
2025-05-16,Friday,290.83085290645136,Open
2025-05-17,Saturday,,Closed
2025-05-18,Sunday,,Closed
2025-05-19,Monday,290.8308572559864,Open
2025-05-20,Tuesday,290.8308616055215,Open
2025-05-21,Wednesday,290.83086595505654,Open
2025-05-22,Thursday,290.83086595505654,Open
2025-05-23,Friday,290.83086595505654,Open
2025-05-24,Saturday,,Closed
2025-05-25,Sunday,,Closed
2025-05-26,Monday,290.8308703045916,Open
2025-05-27,Tuesday,290.8308703045916,Open
2025-05-28,Wednesday,290.8308703045916,Open
2025-05-29,Thursday,290.8308703045916,Open
2025-05-30,Friday,290.83087465412666,Open
2025-05-31,Saturday,,Closed
2025-06-01,Sunday,,Closed
2025-06-02,Monday,290.8308703045916,Open
2025-06-03,Tuesday,290.8308703045916,Open
2025-06-04,Wednesday,290.8308703045916,Open
2025-06-05,Thursday,290.8308703045916,Open
2025-06-06,Friday,290.8308703045916,Open
2025-06-07,Saturday,,Closed
2025-06-08,Sunday,,Closed
2025-06-09,Monday,290.8308703045916,Open
2025-06-10,Tuesday,290.8308703045916,Open
2025-06-11,Wednesday,290.8308703045916,Open
2025-06-12,Thursday,290.8308703045916,Open
2025-06-13,Friday,290.8308703045916,Open
2025-06-14,Saturday,,Closed
2025-06-15,Sunday,,Closed
2025-06-16,Monday,290.83086595505654,Open
2025-06-17,Tuesday,290.8308703045916,Open
2025-06-18,Wednesday,290.8308703045916,Open
2025-06-19,Thursday,290.8308703045916,Open
2025-06-20,Friday,290.8308703045916,Open
2025-06-21,Saturday,,Closed
2025-06-22,Sunday,,Closed
2025-06-23,Monday,290.8308703045916,Open
2025-06-24,Tuesday,290.83086595505654,Open
2025-06-25,Wednesday,290.83086595505654,Open
2025-06-26,Thursday,290.8308703045916,Open
2025-06-27,Friday,290.8308703045916,Open
2025-06-28,Saturday,,Closed
2025-06-29,Sunday,,Closed
2025-06-30,Monday,290.8308703045916,Open
2025-07-01,Tuesday,290.83086595505654,Open
2025-07-02,Wednesday,290.8308703045916,Open
2025-07-03,Thursday,290.83086595505654,Open
2025-07-04,Friday,290.8308703045916,Open
2025-07-05,Saturday,,Closed
2025-07-06,Sunday,,Closed
2025-07-07,Monday,290.8308703045916,Open
2025-07-08,Tuesday,290.8308703045916,Open
2025-07-09,Wednesday,290.83086595505654,Open
2025-07-10,Thursday,290.83086595505654,Open
2025-07-11,Friday,290.83086595505654,Open
2025-07-12,Saturday,,Closed
2025-07-13,Sunday,,Closed
2025-07-14,Monday,290.8308703045916,Open
2025-07-15,Tuesday,290.8308703045916,Open
2025-07-16,Wednesday,290.83086595505654,Open
2025-07-17,Thursday,290.83086595505654,Open
2025-07-18,Friday,290.8308703045916,Open
2025-07-19,Saturday,,Closed
2025-07-20,Sunday,,Closed
2025-07-21,Monday,290.8308703045916,Open
2025-07-22,Tuesday,290.8308703045916,Open
2025-07-23,Wednesday,290.83086595505654,Open
2025-07-24,Thursday,290.83086595505654,Open
2025-07-25,Friday,290.8308703045916,Open
2025-07-26,Saturday,,Closed
2025-07-27,Sunday,,Closed
2025-07-28,Monday,290.8308703045916,Open
2025-07-29,Tuesday,290.8308703045916,Open
2025-07-30,Wednesday,290.8308703045916,Open
2025-07-31,Thursday,290.8308703045916,Open
2025-08-01,Friday,290.83086595505654,Open
2025-08-02,Saturday,,Closed
2025-08-03,Sunday,,Closed
2025-08-04,Monday,290.8308703045916,Open
2025-08-05,Tuesday,290.8308703045916,Open
2025-08-06,Wednesday,290.8308703045916,Open
2025-08-07,Thursday,290.83086595505654,Open
2025-08-08,Friday,290.8308703045916,Open
2025-08-09,Saturday,,Closed
2025-08-10,Sunday,,Closed
2025-08-11,Monday,290.8308703045916,Open
2025-08-12,Tuesday,290.8308703045916,Open
2025-08-13,Wednesday,290.8308703045916,Open
2025-08-14,Thursday,290.8308703045916,Open
2025-08-15,Friday,,Closed
2025-08-16,Saturday,,Closed
2025-08-17,Sunday,,Closed
2025-08-18,Monday,290.83086595505654,Open
2025-08-19,Tuesday,290.83086595505654,Open
2025-08-20,Wednesday,290.8308703045916,Open
2025-08-21,Thursday,290.8308703045916,Open
2025-08-22,Friday,290.8308703045916,Open
2025-08-23,Saturday,,Closed
2025-08-24,Sunday,,Closed
2025-08-25,Monday,290.8308703045916,Open
2025-08-26,Tuesday,290.8308703045916,Open
2025-08-27,Wednesday,290.8308703045916,Open
2025-08-28,Thursday,290.8308703045916,Open
2025-08-29,Friday,290.8308703045916,Open
2025-08-30,Saturday,,Closed
2025-08-31,Sunday,,Closed
2025-09-01,Monday,290.8308703045916,Open
2025-09-02,Tuesday,290.8308703045916,Open
2025-09-03,Wednesday,290.8308703045916,Open
2025-09-04,Thursday,290.8308703045916,Open
2025-09-05,Friday,290.8308703045916,Open
2025-09-06,Saturday,,Closed
2025-09-07,Sunday,,Closed
2025-09-08,Monday,290.8308703045916,Open
2025-09-09,Tuesday,290.8308703045916,Open
2025-09-10,Wednesday,290.83086595505654,Open
2025-09-11,Thursday,290.8308703045916,Open
2025-09-12,Friday,290.8308703045916,Open
2025-09-13,Saturday,,Closed
2025-09-14,Sunday,,Closed
2025-09-15,Monday,290.83086595505654,Open
2025-09-16,Tuesday,290.83086595505654,Open
2025-09-17,Wednesday,290.8308703045916,Open
2025-09-18,Thursday,290.8308703045916,Open
2025-09-19,Friday,290.83086595505654,Open
2025-09-20,Saturday,,Closed
2025-09-21,Sunday,,Closed
2025-09-22,Monday,290.83086595505654,Open
2025-09-23,Tuesday,290.83086595505654,Open
2025-09-24,Wednesday,290.8308703045916,Open
2025-09-25,Thursday,290.8308703045916,Open
2025-09-26,Friday,290.8308703045916,Open
2025-09-27,Saturday,,Closed
2025-09-28,Sunday,,Closed
2025-09-29,Monday,290.8308703045916,Open
2025-09-30,Tuesday,290.8308703045916,Open
2025-10-01,Wednesday,290.83086595505654,Open
2025-10-02,Thursday,,Closed
2025-10-03,Friday,290.8308703045916,Open
2025-10-04,Saturday,,Closed
2025-10-05,Sunday,,Closed
2025-10-06,Monday,290.83086595505654,Open
2025-10-07,Tuesday,290.8308703045916,Open
2025-10-08,Wednesday,290.8308703045916,Open
2025-10-09,Thursday,290.8308703045916,Open
2025-10-10,Friday,290.8308703045916,Open
2025-10-11,Saturday,,Closed
2025-10-12,Sunday,,Closed
2025-10-13,Monday,290.8308703045916,Open
2025-10-14,Tuesday,290.8308703045916,Open
2025-10-15,Wednesday,290.8308703045916,Open
2025-10-16,Thursday,290.8308703045916,Open
2025-10-17,Friday,290.8308703045916,Open
2025-10-18,Saturday,,Closed
2025-10-19,Sunday,,Closed
2025-10-20,Monday,,Closed
2025-10-21,Tuesday,290.8308703045916,Open
2025-10-22,Wednesday,290.8308703045916,Open
2025-10-23,Thursday,290.8308703045916,Open
2025-10-24,Friday,290.8308703045916,Open
2025-10-25,Saturday,,Closed
2025-10-26,Sunday,,Closed
2025-10-27,Monday,290.8308703045916,Open
2025-10-28,Tuesday,290.8308703045916,Open
2025-10-29,Wednesday,290.8308703045916,Open
2025-10-30,Thursday,290.8308703045916,Open
2025-10-31,Friday,290.8308703045916,Open
2025-11-01,Saturday,,Closed
2025-11-02,Sunday,,Closed
2025-11-03,Monday,290.83086595505654,Open
2025-11-04,Tuesday,290.8308703045916,Open
2025-11-05,Wednesday,290.83086595505654,Open
2025-11-06,Thursday,290.83086595505654,Open
2025-11-07,Friday,290.8308703045916,Open
2025-11-08,Saturday,,Closed
2025-11-09,Sunday,,Closed
2025-11-10,Monday,290.8308703045916,Open
2025-11-11,Tuesday,290.8308703045916,Open
2025-11-12,Wednesday,290.8308703045916,Open
2025-11-13,Thursday,290.8308703045916,Open
2025-11-14,Friday,290.83086595505654,Open
2025-11-15,Saturday,,Closed
2025-11-16,Sunday,,Closed
2025-11-17,Monday,290.8308703045916,Open
2025-11-18,Tuesday,290.8308703045916,Open
2025-11-19,Wednesday,290.8308703045916,Open
2025-11-20,Thursday,290.8308703045916,Open
2025-11-21,Friday,290.8308703045916,Open
2025-11-22,Saturday,,Closed
2025-11-23,Sunday,,Closed
2025-11-24,Monday,290.8308703045916,Open
2025-11-25,Tuesday,290.8308703045916,Open
2025-11-26,Wednesday,290.8308703045916,Open
2025-11-27,Thursday,290.8308703045916,Open
2025-11-28,Friday,290.8308703045916,Open
2025-11-29,Saturday,,Closed
2025-11-30,Sunday,,Closed
2025-12-01,Monday,290.8308703045916,Open
2025-12-02,Tuesday,290.8308703045916,Open
2025-12-03,Wednesday,290.83086595505654,Open
2025-12-04,Thursday,290.83086595505654,Open
2025-12-05,Friday,290.8308703045916,Open
2025-12-06,Saturday,,Closed
2025-12-07,Sunday,,Closed
2025-12-08,Monday,290.8308703045916,Open
2025-12-09,Tuesday,290.8308703045916,Open
2025-12-10,Wednesday,290.8308703045916,Open
2025-12-11,Thursday,290.8308703045916,Open
2025-12-12,Friday,290.8308703045916,Open
2025-12-13,Saturday,,Closed
2025-12-14,Sunday,,Closed
2025-12-15,Monday,290.8308703045916,Open
2025-12-16,Tuesday,290.8308703045916,Open
2025-12-17,Wednesday,290.8308703045916,Open
2025-12-18,Thursday,290.8308703045916,Open
2025-12-19,Friday,290.83086595505654,Open
2025-12-20,Saturday,,Closed
2025-12-21,Sunday,,Closed
2025-12-22,Monday,290.8308703045916,Open
2025-12-23,Tuesday,290.8308703045916,Open
2025-12-24,Wednesday,290.8308703045916,Open
2025-12-25,Thursday,,Closed
2025-12-26,Friday,290.8308703045916,Open
2025-12-27,Saturday,,Closed
2025-12-28,Sunday,,Closed
2025-12-29,Monday,290.8308703045916,Open
2025-12-30,Tuesday,290.8308703045916,Open
2025-12-31,Wednesday,290.8308703045916,Open
