Date,Day,Predicted_Price,Market_Status
2025-01-01,Wednesday,260.448965599704,Open
2025-01-02,Thursday,246.24052299638336,Open
2025-01-03,Friday,221.28407365330352,Open
2025-01-04,Saturday,,Closed
2025-01-05,Sunday,,Closed
2025-01-06,Monday,192.50776424845802,Open
2025-01-07,Tuesday,164.89557942671493,Open
2025-01-08,Wednesday,140.96046128775473,Open
2025-01-09,Thursday,121.44597792450624,Open
2025-01-10,Friday,106.12986019431675,Open
2025-01-11,Saturday,,Closed
2025-01-12,Sunday,,Closed
2025-01-13,Monday,94.3907525566881,Open
2025-01-14,Tuesday,85.52516537039811,Open
2025-01-15,Wednesday,78.89202078828146,Open
2025-01-16,Thursday,73.96027577762186,Open
2025-01-17,Friday,70.31081654006334,Open
2025-01-18,Saturday,,Closed
2025-01-19,Sunday,,Closed
2025-01-20,Monday,67.62108320094433,Open
2025-01-21,Tuesday,65.64605702319648,Open
2025-01-22,Wednesday,64.20102142265864,Open
2025-01-23,Thursday,63.14739757251027,Open
2025-01-24,Friday,62.38167351737275,Open
2025-01-25,Saturday,,Closed
2025-01-26,Sunday,,Closed
2025-01-27,Monday,61.82685445048867,Open
2025-01-28,Tuesday,61.42595404506278,Open
2025-01-29,Wednesday,61.13696631851735,Open
2025-01-30,Thursday,60.92908980054659,Open
2025-01-31,Friday,60.77983150667296,Open
2025-02-01,Saturday,,Closed
2025-02-02,Sunday,,Closed
2025-02-03,Monday,60.67282043236952,Open
2025-02-04,Tuesday,60.596195758840736,Open
2025-02-05,Wednesday,60.54138884271748,Open
2025-02-06,Thursday,60.502219759869604,Open
2025-02-07,Friday,60.47424809408801,Open
2025-02-08,Saturday,,Closed
2025-02-09,Sunday,,Closed
2025-02-10,Monday,60.45428336789411,Open
2025-02-11,Tuesday,60.440039742530985,Open
2025-02-12,Wednesday,60.42988177309394,Open
2025-02-13,Thursday,60.42263993318329,Open
2025-02-14,Friday,60.41748171866823,Open
2025-02-15,Saturday,,Closed
2025-02-16,Sunday,,Closed
2025-02-17,Monday,60.4138052196019,Open
2025-02-18,Tuesday,60.411187088713234,Open
2025-02-19,Wednesday,60.40932223215884,Open
2025-02-20,Thursday,60.40799069856325,Open
2025-02-21,Friday,60.40704585367615,Open
2025-02-22,Saturday,,Closed
2025-02-23,Sunday,,Closed
2025-02-24,Monday,60.4063729916727,Open
2025-02-25,Tuesday,60.4058952478249,Open
2025-02-26,Wednesday,60.40555231288465,Open
2025-02-27,Thursday,60.4053110758922,Open
2025-02-28,Friday,60.40514079095635,Open
2025-03-01,Saturday,,Closed
2025-03-02,Sunday,,Closed
2025-03-03,Monday,60.40501544232302,Open
2025-03-04,Tuesday,60.404926752252265,Open
2025-03-05,Wednesday,60.40486644300415,Open
2025-03-06,Thursday,60.404822689235914,Open
2025-03-07,Friday,60.40479076081044,Open
2025-03-08,Saturday,,Closed
2025-03-09,Sunday,,Closed
2025-03-10,Monday,60.40476711012491,Open
2025-03-11,Tuesday,60.404750554645034,Open
2025-03-12,Wednesday,60.40473991183654,Open
2025-03-13,Thursday,60.40473399916516,Open
2025-03-14,Friday,,Closed
2025-03-15,Saturday,,Closed
2025-03-16,Sunday,,Closed
2025-03-17,Monday,60.404724538890946,Open
2025-03-18,Tuesday,60.40472217382239,Open
2025-03-19,Wednesday,60.40471980875384,Open
2025-03-20,Thursday,60.404717443685286,Open
2025-03-21,Friday,60.404717443685286,Open
2025-03-22,Saturday,,Closed
2025-03-23,Sunday,,Closed
2025-03-24,Monday,60.40471507861673,Open
2025-03-25,Tuesday,60.40471271354818,Open
2025-03-26,Wednesday,60.40471271354818,Open
2025-03-27,Thursday,60.40471271354818,Open
2025-03-28,Friday,60.404710348479625,Open
2025-03-29,Saturday,,Closed
2025-03-30,Sunday,,Closed
2025-03-31,Monday,60.404710348479625,Open
2025-04-01,Tuesday,60.404710348479625,Open
2025-04-02,Wednesday,60.404710348479625,Open
2025-04-03,Thursday,60.404710348479625,Open
2025-04-04,Friday,60.404710348479625,Open
2025-04-05,Saturday,,Closed
2025-04-06,Sunday,,Closed
2025-04-07,Monday,60.40470916594535,Open
2025-04-08,Tuesday,60.40470916594535,Open
2025-04-09,Wednesday,60.404710348479625,Open
2025-04-10,Thursday,,Closed
2025-04-11,Friday,60.404710348479625,Open
2025-04-12,Saturday,,Closed
2025-04-13,Sunday,,Closed
2025-04-14,Monday,,Closed
2025-04-15,Tuesday,60.4047115310139,Open
2025-04-16,Wednesday,60.404710348479625,Open
2025-04-17,Thursday,60.40471271354818,Open
2025-04-18,Friday,60.4047115310139,Open
2025-04-19,Saturday,,Closed
2025-04-20,Sunday,,Closed
2025-04-21,Monday,60.4047115310139,Open
2025-04-22,Tuesday,60.404710348479625,Open
2025-04-23,Wednesday,60.404710348479625,Open
2025-04-24,Thursday,60.4047115310139,Open
2025-04-25,Friday,60.404710348479625,Open
2025-04-26,Saturday,,Closed
2025-04-27,Sunday,,Closed
2025-04-28,Monday,60.404710348479625,Open
2025-04-29,Tuesday,60.40471271354818,Open
2025-04-30,Wednesday,60.404710348479625,Open
2025-05-01,Thursday,,Closed
2025-05-02,Friday,60.40470916594535,Open
2025-05-03,Saturday,,Closed
2025-05-04,Sunday,,Closed
2025-05-05,Monday,60.40471271354818,Open
2025-05-06,Tuesday,60.404710348479625,Open
2025-05-07,Wednesday,60.404710348479625,Open
2025-05-08,Thursday,60.404710348479625,Open
2025-05-09,Friday,60.404710348479625,Open
2025-05-10,Saturday,,Closed
2025-05-11,Sunday,,Closed
2025-05-12,Monday,60.404710348479625,Open
2025-05-13,Tuesday,60.404710348479625,Open
2025-05-14,Wednesday,60.4047115310139,Open
2025-05-15,Thursday,60.404710348479625,Open
2025-05-16,Friday,60.40470916594535,Open
2025-05-17,Saturday,,Closed
2025-05-18,Sunday,,Closed
2025-05-19,Monday,60.404710348479625,Open
2025-05-20,Tuesday,60.404710348479625,Open
2025-05-21,Wednesday,60.40471271354818,Open
2025-05-22,Thursday,60.404710348479625,Open
2025-05-23,Friday,60.40471271354818,Open
2025-05-24,Saturday,,Closed
2025-05-25,Sunday,,Closed
2025-05-26,Monday,60.40471271354818,Open
2025-05-27,Tuesday,60.4047115310139,Open
2025-05-28,Wednesday,60.404710348479625,Open
2025-05-29,Thursday,60.404710348479625,Open
2025-05-30,Friday,60.404710348479625,Open
2025-05-31,Saturday,,Closed
2025-06-01,Sunday,,Closed
2025-06-02,Monday,60.404710348479625,Open
2025-06-03,Tuesday,60.404710348479625,Open
2025-06-04,Wednesday,60.404710348479625,Open
2025-06-05,Thursday,60.404710348479625,Open
2025-06-06,Friday,60.404710348479625,Open
2025-06-07,Saturday,,Closed
2025-06-08,Sunday,,Closed
2025-06-09,Monday,60.404710348479625,Open
2025-06-10,Tuesday,60.404710348479625,Open
2025-06-11,Wednesday,60.404710348479625,Open
2025-06-12,Thursday,60.404710348479625,Open
2025-06-13,Friday,60.404710348479625,Open
2025-06-14,Saturday,,Closed
2025-06-15,Sunday,,Closed
2025-06-16,Monday,60.404710348479625,Open
2025-06-17,Tuesday,60.404710348479625,Open
2025-06-18,Wednesday,60.404710348479625,Open
2025-06-19,Thursday,60.4047115310139,Open
2025-06-20,Friday,60.404710348479625,Open
2025-06-21,Saturday,,Closed
2025-06-22,Sunday,,Closed
2025-06-23,Monday,60.404710348479625,Open
2025-06-24,Tuesday,60.404710348479625,Open
2025-06-25,Wednesday,60.4047115310139,Open
2025-06-26,Thursday,60.404710348479625,Open
2025-06-27,Friday,60.404710348479625,Open
2025-06-28,Saturday,,Closed
2025-06-29,Sunday,,Closed
2025-06-30,Monday,60.404710348479625,Open
2025-07-01,Tuesday,60.404710348479625,Open
2025-07-02,Wednesday,60.404710348479625,Open
2025-07-03,Thursday,60.404710348479625,Open
2025-07-04,Friday,60.404710348479625,Open
2025-07-05,Saturday,,Closed
2025-07-06,Sunday,,Closed
2025-07-07,Monday,60.4047115310139,Open
2025-07-08,Tuesday,60.40470916594535,Open
2025-07-09,Wednesday,60.404710348479625,Open
2025-07-10,Thursday,60.40471271354818,Open
2025-07-11,Friday,60.40471271354818,Open
2025-07-12,Saturday,,Closed
2025-07-13,Sunday,,Closed
2025-07-14,Monday,60.404710348479625,Open
2025-07-15,Tuesday,60.404710348479625,Open
2025-07-16,Wednesday,60.4047115310139,Open
2025-07-17,Thursday,60.40471271354818,Open
2025-07-18,Friday,60.404710348479625,Open
2025-07-19,Saturday,,Closed
2025-07-20,Sunday,,Closed
2025-07-21,Monday,60.404710348479625,Open
2025-07-22,Tuesday,60.404710348479625,Open
2025-07-23,Wednesday,60.4047115310139,Open
2025-07-24,Thursday,60.4047115310139,Open
2025-07-25,Friday,60.40471271354818,Open
2025-07-26,Saturday,,Closed
2025-07-27,Sunday,,Closed
2025-07-28,Monday,60.404710348479625,Open
2025-07-29,Tuesday,60.404710348479625,Open
2025-07-30,Wednesday,60.404710348479625,Open
2025-07-31,Thursday,60.4047115310139,Open
2025-08-01,Friday,60.404710348479625,Open
2025-08-02,Saturday,,Closed
2025-08-03,Sunday,,Closed
2025-08-04,Monday,60.404710348479625,Open
2025-08-05,Tuesday,60.404710348479625,Open
2025-08-06,Wednesday,60.404710348479625,Open
2025-08-07,Thursday,60.404710348479625,Open
2025-08-08,Friday,60.404710348479625,Open
2025-08-09,Saturday,,Closed
2025-08-10,Sunday,,Closed
2025-08-11,Monday,60.404710348479625,Open
2025-08-12,Tuesday,60.404710348479625,Open
2025-08-13,Wednesday,60.404710348479625,Open
2025-08-14,Thursday,60.4047115310139,Open
2025-08-15,Friday,,Closed
2025-08-16,Saturday,,Closed
2025-08-17,Sunday,,Closed
2025-08-18,Monday,60.404710348479625,Open
2025-08-19,Tuesday,60.4047115310139,Open
2025-08-20,Wednesday,60.404710348479625,Open
2025-08-21,Thursday,60.404710348479625,Open
2025-08-22,Friday,60.404710348479625,Open
2025-08-23,Saturday,,Closed
2025-08-24,Sunday,,Closed
2025-08-25,Monday,60.404710348479625,Open
2025-08-26,Tuesday,60.4047115310139,Open
2025-08-27,Wednesday,60.40471271354818,Open
2025-08-28,Thursday,60.4047115310139,Open
2025-08-29,Friday,60.404710348479625,Open
2025-08-30,Saturday,,Closed
2025-08-31,Sunday,,Closed
2025-09-01,Monday,60.404710348479625,Open
2025-09-02,Tuesday,60.4047115310139,Open
2025-09-03,Wednesday,60.404710348479625,Open
2025-09-04,Thursday,60.4047115310139,Open
2025-09-05,Friday,60.404710348479625,Open
2025-09-06,Saturday,,Closed
2025-09-07,Sunday,,Closed
2025-09-08,Monday,60.404710348479625,Open
2025-09-09,Tuesday,60.404710348479625,Open
2025-09-10,Wednesday,60.404710348479625,Open
2025-09-11,Thursday,60.40470916594535,Open
2025-09-12,Friday,60.404710348479625,Open
2025-09-13,Saturday,,Closed
2025-09-14,Sunday,,Closed
2025-09-15,Monday,60.404710348479625,Open
2025-09-16,Tuesday,60.404710348479625,Open
2025-09-17,Wednesday,60.40470916594535,Open
2025-09-18,Thursday,60.404710348479625,Open
2025-09-19,Friday,60.404710348479625,Open
2025-09-20,Saturday,,Closed
2025-09-21,Sunday,,Closed
2025-09-22,Monday,60.404710348479625,Open
2025-09-23,Tuesday,60.40470916594535,Open
2025-09-24,Wednesday,60.40471271354818,Open
2025-09-25,Thursday,60.4047115310139,Open
2025-09-26,Friday,60.404710348479625,Open
2025-09-27,Saturday,,Closed
2025-09-28,Sunday,,Closed
2025-09-29,Monday,60.404710348479625,Open
2025-09-30,Tuesday,60.404710348479625,Open
2025-10-01,Wednesday,60.404710348479625,Open
2025-10-02,Thursday,,Closed
2025-10-03,Friday,60.404710348479625,Open
2025-10-04,Saturday,,Closed
2025-10-05,Sunday,,Closed
2025-10-06,Monday,60.404710348479625,Open
2025-10-07,Tuesday,60.404710348479625,Open
2025-10-08,Wednesday,60.4047115310139,Open
2025-10-09,Thursday,60.404710348479625,Open
2025-10-10,Friday,60.4047115310139,Open
2025-10-11,Saturday,,Closed
2025-10-12,Sunday,,Closed
2025-10-13,Monday,60.404710348479625,Open
2025-10-14,Tuesday,60.404710348479625,Open
2025-10-15,Wednesday,60.404710348479625,Open
2025-10-16,Thursday,60.4047115310139,Open
2025-10-17,Friday,60.404710348479625,Open
2025-10-18,Saturday,,Closed
2025-10-19,Sunday,,Closed
2025-10-20,Monday,,Closed
2025-10-21,Tuesday,60.404710348479625,Open
2025-10-22,Wednesday,60.404710348479625,Open
2025-10-23,Thursday,60.40470916594535,Open
2025-10-24,Friday,60.404710348479625,Open
2025-10-25,Saturday,,Closed
2025-10-26,Sunday,,Closed
2025-10-27,Monday,60.404710348479625,Open
2025-10-28,Tuesday,60.404710348479625,Open
2025-10-29,Wednesday,60.404710348479625,Open
2025-10-30,Thursday,60.404710348479625,Open
2025-10-31,Friday,60.404710348479625,Open
2025-11-01,Saturday,,Closed
2025-11-02,Sunday,,Closed
2025-11-03,Monday,60.404710348479625,Open
2025-11-04,Tuesday,60.404710348479625,Open
2025-11-05,Wednesday,60.404710348479625,Open
2025-11-06,Thursday,60.4047115310139,Open
2025-11-07,Friday,60.404710348479625,Open
2025-11-08,Saturday,,Closed
2025-11-09,Sunday,,Closed
2025-11-10,Monday,60.40471271354818,Open
2025-11-11,Tuesday,60.4047115310139,Open
2025-11-12,Wednesday,60.40470916594535,Open
2025-11-13,Thursday,60.404710348479625,Open
2025-11-14,Friday,60.40471271354818,Open
2025-11-15,Saturday,,Closed
2025-11-16,Sunday,,Closed
2025-11-17,Monday,60.404710348479625,Open
2025-11-18,Tuesday,60.40470916594535,Open
2025-11-19,Wednesday,60.4047115310139,Open
2025-11-20,Thursday,60.4047115310139,Open
2025-11-21,Friday,60.404710348479625,Open
2025-11-22,Saturday,,Closed
2025-11-23,Sunday,,Closed
2025-11-24,Monday,60.4047115310139,Open
2025-11-25,Tuesday,60.404710348479625,Open
2025-11-26,Wednesday,60.4047115310139,Open
2025-11-27,Thursday,60.404710348479625,Open
2025-11-28,Friday,60.404710348479625,Open
2025-11-29,Saturday,,Closed
2025-11-30,Sunday,,Closed
2025-12-01,Monday,60.404710348479625,Open
2025-12-02,Tuesday,60.404710348479625,Open
2025-12-03,Wednesday,60.4047115310139,Open
2025-12-04,Thursday,60.404710348479625,Open
2025-12-05,Friday,60.404710348479625,Open
2025-12-06,Saturday,,Closed
2025-12-07,Sunday,,Closed
2025-12-08,Monday,60.404710348479625,Open
2025-12-09,Tuesday,60.404710348479625,Open
2025-12-10,Wednesday,60.404710348479625,Open
2025-12-11,Thursday,60.404710348479625,Open
2025-12-12,Friday,60.404710348479625,Open
2025-12-13,Saturday,,Closed
2025-12-14,Sunday,,Closed
2025-12-15,Monday,60.404710348479625,Open
2025-12-16,Tuesday,60.404710348479625,Open
2025-12-17,Wednesday,60.4047115310139,Open
2025-12-18,Thursday,60.404710348479625,Open
2025-12-19,Friday,60.40471271354818,Open
2025-12-20,Saturday,,Closed
2025-12-21,Sunday,,Closed
2025-12-22,Monday,60.404710348479625,Open
2025-12-23,Tuesday,60.4047115310139,Open
2025-12-24,Wednesday,60.404710348479625,Open
2025-12-25,Thursday,,Closed
2025-12-26,Friday,60.404710348479625,Open
2025-12-27,Saturday,,Closed
2025-12-28,Sunday,,Closed
2025-12-29,Monday,60.404710348479625,Open
2025-12-30,Tuesday,60.404710348479625,Open
2025-12-31,Wednesday,60.404710348479625,Open
