Date,Day,Predicted_Price,Market_Status
2025-01-01,Wednesday,2495.796250356907,Open
2025-01-02,Thursday,2344.0533680778663,Open
2025-01-03,Friday,2070.9016925563083,Open
2025-01-04,Saturday,,Closed
2025-01-05,Sunday,,Closed
2025-01-06,Monday,1748.4834731024057,Open
2025-01-07,Tuesday,1436.3177400653603,Open
2025-01-08,Wednesday,1168.5373983163436,Open
2025-01-09,Thursday,956.9154100243258,Open
2025-01-10,Friday,799.051373324753,Open
2025-01-11,Saturday,,Closed
2025-01-12,Sunday,,Closed
2025-01-13,Monday,685.972054989063,Open
2025-01-14,Tuesday,607.1760539905404,Open
2025-01-15,Wednesday,553.2161752009051,Open
2025-01-16,Thursday,516.6101896187376,Open
2025-01-17,Friday,491.8583502571755,Open
2025-01-18,Saturday,,Closed
2025-01-19,Sunday,,Closed
2025-01-20,Monday,475.1039531408003,Open
2025-01-21,Tuesday,463.71935138775825,Open
2025-01-22,Wednesday,455.943396113978,Open
2025-01-23,Thursday,450.60331402563406,Open
2025-01-24,Friday,446.9184283814775,Open
2025-01-25,Saturday,,Closed
2025-01-26,Sunday,,Closed
2025-01-27,Monday,444.36594377807296,Open
2025-01-28,Tuesday,442.59330077949016,Open
2025-01-29,Wednesday,441.36028777653337,Open
2025-01-30,Thursday,440.5022290521208,Open
2025-01-31,Friday,439.9051065066635,Open
2025-02-01,Saturday,,Closed
2025-02-02,Sunday,,Closed
2025-02-03,Monday,439.48986788414345,Open
2025-02-04,Tuesday,439.20141615763896,Open
2025-02-05,Wednesday,439.00104934693104,Open
2025-02-06,Thursday,438.8619991318001,Open
2025-02-07,Friday,438.7656287835546,Open
2025-02-08,Saturday,,Closed
2025-02-09,Sunday,,Closed
2025-02-10,Monday,438.69866402845673,Open
2025-02-11,Tuesday,438.6523359340208,Open
2025-02-12,Wednesday,438.6200513179267,Open
2025-02-13,Thursday,438.59767845258716,Open
2025-02-14,Friday,438.5821405195861,Open
2025-02-15,Saturday,,Closed
2025-02-16,Sunday,,Closed
2025-02-17,Monday,438.57128374603235,Open
2025-02-18,Tuesday,438.56374554091303,Open
2025-02-19,Wednesday,438.55844901778255,Open
2025-02-20,Thursday,438.5548447447809,Open
2025-02-21,Friday,438.55218549457845,Open
2025-02-22,Saturday,,Closed
2025-02-23,Sunday,,Closed
2025-02-24,Monday,438.5504492899008,Open
2025-02-25,Tuesday,438.5491746079856,Open
2025-02-26,Wednesday,438.5483394715584,Open
2025-02-27,Thursday,438.5476801533264,Open
2025-02-28,Friday,438.547218630564,Open
2025-03-01,Saturday,,Closed
2025-03-02,Sunday,,Closed
2025-03-03,Monday,438.54693292599677,Open
2025-03-04,Tuesday,438.54671315325277,Open
2025-03-05,Wednesday,438.54655931233196,Open
2025-03-06,Thursday,438.54644942595996,Open
2025-03-07,Friday,438.54633953958796,Open
2025-03-08,Saturday,,Closed
2025-03-09,Sunday,,Closed
2025-03-10,Monday,438.54629558503916,Open
2025-03-11,Tuesday,438.54625163049036,Open
2025-03-12,Wednesday,438.54620767594156,Open
2025-03-13,Thursday,438.54618569866716,Open
2025-03-14,Friday,,Closed
2025-03-15,Saturday,,Closed
2025-03-16,Sunday,,Closed
2025-03-17,Monday,438.54618569866716,Open
2025-03-18,Tuesday,438.54618569866716,Open
2025-03-19,Wednesday,438.54620767594156,Open
2025-03-20,Thursday,438.54622965321596,Open
2025-03-21,Friday,438.54622965321596,Open
2025-03-22,Saturday,,Closed
2025-03-23,Sunday,,Closed
2025-03-24,Monday,438.54622965321596,Open
2025-03-25,Tuesday,438.54622965321596,Open
2025-03-26,Wednesday,438.54620767594156,Open
2025-03-27,Thursday,438.54622965321596,Open
2025-03-28,Friday,438.54622965321596,Open
2025-03-29,Saturday,,Closed
2025-03-30,Sunday,,Closed
2025-03-31,Monday,438.54620767594156,Open
2025-04-01,Tuesday,438.54620767594156,Open
2025-04-02,Wednesday,438.54620767594156,Open
2025-04-03,Thursday,438.54622965321596,Open
2025-04-04,Friday,438.54620767594156,Open
2025-04-05,Saturday,,Closed
2025-04-06,Sunday,,Closed
2025-04-07,Monday,438.54622965321596,Open
2025-04-08,Tuesday,438.54625163049036,Open
2025-04-09,Wednesday,438.54620767594156,Open
2025-04-10,Thursday,,Closed
2025-04-11,Friday,438.54620767594156,Open
2025-04-12,Saturday,,Closed
2025-04-13,Sunday,,Closed
2025-04-14,Monday,,Closed
2025-04-15,Tuesday,438.54622965321596,Open
2025-04-16,Wednesday,438.54620767594156,Open
2025-04-17,Thursday,438.54620767594156,Open
2025-04-18,Friday,438.54620767594156,Open
2025-04-19,Saturday,,Closed
2025-04-20,Sunday,,Closed
2025-04-21,Monday,438.54622965321596,Open
2025-04-22,Tuesday,438.54620767594156,Open
2025-04-23,Wednesday,438.54620767594156,Open
2025-04-24,Thursday,438.54620767594156,Open
2025-04-25,Friday,438.54622965321596,Open
2025-04-26,Saturday,,Closed
2025-04-27,Sunday,,Closed
2025-04-28,Monday,438.54622965321596,Open
2025-04-29,Tuesday,438.54620767594156,Open
2025-04-30,Wednesday,438.54620767594156,Open
2025-05-01,Thursday,,Closed
2025-05-02,Friday,438.54620767594156,Open
2025-05-03,Saturday,,Closed
2025-05-04,Sunday,,Closed
2025-05-05,Monday,438.54622965321596,Open
2025-05-06,Tuesday,438.54620767594156,Open
2025-05-07,Wednesday,438.54622965321596,Open
2025-05-08,Thursday,438.54620767594156,Open
2025-05-09,Friday,438.54620767594156,Open
2025-05-10,Saturday,,Closed
2025-05-11,Sunday,,Closed
2025-05-12,Monday,438.54620767594156,Open
2025-05-13,Tuesday,438.54620767594156,Open
2025-05-14,Wednesday,438.54620767594156,Open
2025-05-15,Thursday,438.54622965321596,Open
2025-05-16,Friday,438.54620767594156,Open
2025-05-17,Saturday,,Closed
2025-05-18,Sunday,,Closed
2025-05-19,Monday,438.54622965321596,Open
2025-05-20,Tuesday,438.54620767594156,Open
2025-05-21,Wednesday,438.54620767594156,Open
2025-05-22,Thursday,438.54622965321596,Open
2025-05-23,Friday,438.54620767594156,Open
2025-05-24,Saturday,,Closed
2025-05-25,Sunday,,Closed
2025-05-26,Monday,438.54622965321596,Open
2025-05-27,Tuesday,438.54620767594156,Open
2025-05-28,Wednesday,438.54622965321596,Open
2025-05-29,Thursday,438.54622965321596,Open
2025-05-30,Friday,438.54625163049036,Open
2025-05-31,Saturday,,Closed
2025-06-01,Sunday,,Closed
2025-06-02,Monday,438.54620767594156,Open
2025-06-03,Tuesday,438.54620767594156,Open
2025-06-04,Wednesday,438.54622965321596,Open
2025-06-05,Thursday,438.54620767594156,Open
2025-06-06,Friday,438.54620767594156,Open
2025-06-07,Saturday,,Closed
2025-06-08,Sunday,,Closed
2025-06-09,Monday,438.54620767594156,Open
2025-06-10,Tuesday,438.54622965321596,Open
2025-06-11,Wednesday,438.54620767594156,Open
2025-06-12,Thursday,438.54622965321596,Open
2025-06-13,Friday,438.54622965321596,Open
2025-06-14,Saturday,,Closed
2025-06-15,Sunday,,Closed
2025-06-16,Monday,438.54622965321596,Open
2025-06-17,Tuesday,438.54622965321596,Open
2025-06-18,Wednesday,438.54620767594156,Open
2025-06-19,Thursday,438.54620767594156,Open
2025-06-20,Friday,438.54620767594156,Open
2025-06-21,Saturday,,Closed
2025-06-22,Sunday,,Closed
2025-06-23,Monday,438.54622965321596,Open
2025-06-24,Tuesday,438.54620767594156,Open
2025-06-25,Wednesday,438.54620767594156,Open
2025-06-26,Thursday,438.54622965321596,Open
2025-06-27,Friday,438.54620767594156,Open
2025-06-28,Saturday,,Closed
2025-06-29,Sunday,,Closed
2025-06-30,Monday,438.54622965321596,Open
2025-07-01,Tuesday,438.54622965321596,Open
2025-07-02,Wednesday,438.54620767594156,Open
2025-07-03,Thursday,438.54620767594156,Open
2025-07-04,Friday,438.54620767594156,Open
2025-07-05,Saturday,,Closed
2025-07-06,Sunday,,Closed
2025-07-07,Monday,438.54622965321596,Open
2025-07-08,Tuesday,438.54620767594156,Open
2025-07-09,Wednesday,438.54620767594156,Open
2025-07-10,Thursday,438.54622965321596,Open
2025-07-11,Friday,438.54622965321596,Open
2025-07-12,Saturday,,Closed
2025-07-13,Sunday,,Closed
2025-07-14,Monday,438.54622965321596,Open
2025-07-15,Tuesday,438.54622965321596,Open
2025-07-16,Wednesday,438.54622965321596,Open
2025-07-17,Thursday,438.54620767594156,Open
2025-07-18,Friday,438.54622965321596,Open
2025-07-19,Saturday,,Closed
2025-07-20,Sunday,,Closed
2025-07-21,Monday,438.54620767594156,Open
2025-07-22,Tuesday,438.54622965321596,Open
2025-07-23,Wednesday,438.54620767594156,Open
2025-07-24,Thursday,438.54620767594156,Open
2025-07-25,Friday,438.54622965321596,Open
2025-07-26,Saturday,,Closed
2025-07-27,Sunday,,Closed
2025-07-28,Monday,438.54618569866716,Open
2025-07-29,Tuesday,438.54620767594156,Open
2025-07-30,Wednesday,438.54620767594156,Open
2025-07-31,Thursday,438.54620767594156,Open
2025-08-01,Friday,438.54620767594156,Open
2025-08-02,Saturday,,Closed
2025-08-03,Sunday,,Closed
2025-08-04,Monday,438.54620767594156,Open
2025-08-05,Tuesday,438.54622965321596,Open
2025-08-06,Wednesday,438.54622965321596,Open
2025-08-07,Thursday,438.54620767594156,Open
2025-08-08,Friday,438.54622965321596,Open
2025-08-09,Saturday,,Closed
2025-08-10,Sunday,,Closed
2025-08-11,Monday,438.54622965321596,Open
2025-08-12,Tuesday,438.54622965321596,Open
2025-08-13,Wednesday,438.54620767594156,Open
2025-08-14,Thursday,438.54620767594156,Open
2025-08-15,Friday,,Closed
2025-08-16,Saturday,,Closed
2025-08-17,Sunday,,Closed
2025-08-18,Monday,438.54622965321596,Open
2025-08-19,Tuesday,438.54620767594156,Open
2025-08-20,Wednesday,438.54620767594156,Open
2025-08-21,Thursday,438.54620767594156,Open
2025-08-22,Friday,438.54620767594156,Open
2025-08-23,Saturday,,Closed
2025-08-24,Sunday,,Closed
2025-08-25,Monday,438.54620767594156,Open
2025-08-26,Tuesday,438.54622965321596,Open
2025-08-27,Wednesday,438.54622965321596,Open
2025-08-28,Thursday,438.54622965321596,Open
2025-08-29,Friday,438.54620767594156,Open
2025-08-30,Saturday,,Closed
2025-08-31,Sunday,,Closed
2025-09-01,Monday,438.54620767594156,Open
2025-09-02,Tuesday,438.54620767594156,Open
2025-09-03,Wednesday,438.54620767594156,Open
2025-09-04,Thursday,438.54622965321596,Open
2025-09-05,Friday,438.54622965321596,Open
2025-09-06,Saturday,,Closed
2025-09-07,Sunday,,Closed
2025-09-08,Monday,438.54622965321596,Open
2025-09-09,Tuesday,438.54622965321596,Open
2025-09-10,Wednesday,438.54622965321596,Open
2025-09-11,Thursday,438.54620767594156,Open
2025-09-12,Friday,438.54620767594156,Open
2025-09-13,Saturday,,Closed
2025-09-14,Sunday,,Closed
2025-09-15,Monday,438.54622965321596,Open
2025-09-16,Tuesday,438.54620767594156,Open
2025-09-17,Wednesday,438.54622965321596,Open
2025-09-18,Thursday,438.54622965321596,Open
2025-09-19,Friday,438.54620767594156,Open
2025-09-20,Saturday,,Closed
2025-09-21,Sunday,,Closed
2025-09-22,Monday,438.54622965321596,Open
2025-09-23,Tuesday,438.54622965321596,Open
2025-09-24,Wednesday,438.54620767594156,Open
2025-09-25,Thursday,438.54622965321596,Open
2025-09-26,Friday,438.54622965321596,Open
2025-09-27,Saturday,,Closed
2025-09-28,Sunday,,Closed
2025-09-29,Monday,438.54622965321596,Open
2025-09-30,Tuesday,438.54620767594156,Open
2025-10-01,Wednesday,438.54620767594156,Open
2025-10-02,Thursday,,Closed
2025-10-03,Friday,438.54620767594156,Open
2025-10-04,Saturday,,Closed
2025-10-05,Sunday,,Closed
2025-10-06,Monday,438.54620767594156,Open
2025-10-07,Tuesday,438.54622965321596,Open
2025-10-08,Wednesday,438.54620767594156,Open
2025-10-09,Thursday,438.54620767594156,Open
2025-10-10,Friday,438.54618569866716,Open
2025-10-11,Saturday,,Closed
2025-10-12,Sunday,,Closed
2025-10-13,Monday,438.54620767594156,Open
2025-10-14,Tuesday,438.54620767594156,Open
2025-10-15,Wednesday,438.54620767594156,Open
2025-10-16,Thursday,438.54620767594156,Open
2025-10-17,Friday,438.54620767594156,Open
2025-10-18,Saturday,,Closed
2025-10-19,Sunday,,Closed
2025-10-20,Monday,,Closed
2025-10-21,Tuesday,438.54620767594156,Open
2025-10-22,Wednesday,438.54622965321596,Open
2025-10-23,Thursday,438.54620767594156,Open
2025-10-24,Friday,438.54620767594156,Open
2025-10-25,Saturday,,Closed
2025-10-26,Sunday,,Closed
2025-10-27,Monday,438.54622965321596,Open
2025-10-28,Tuesday,438.54625163049036,Open
2025-10-29,Wednesday,438.54620767594156,Open
2025-10-30,Thursday,438.54622965321596,Open
2025-10-31,Friday,438.54622965321596,Open
2025-11-01,Saturday,,Closed
2025-11-02,Sunday,,Closed
2025-11-03,Monday,438.54620767594156,Open
2025-11-04,Tuesday,438.54618569866716,Open
2025-11-05,Wednesday,438.54620767594156,Open
2025-11-06,Thursday,438.54620767594156,Open
2025-11-07,Friday,438.54620767594156,Open
2025-11-08,Saturday,,Closed
2025-11-09,Sunday,,Closed
2025-11-10,Monday,438.54622965321596,Open
2025-11-11,Tuesday,438.54622965321596,Open
2025-11-12,Wednesday,438.54620767594156,Open
2025-11-13,Thursday,438.54622965321596,Open
2025-11-14,Friday,438.54620767594156,Open
2025-11-15,Saturday,,Closed
2025-11-16,Sunday,,Closed
2025-11-17,Monday,438.54620767594156,Open
2025-11-18,Tuesday,438.54620767594156,Open
2025-11-19,Wednesday,438.54620767594156,Open
2025-11-20,Thursday,438.54620767594156,Open
2025-11-21,Friday,438.54622965321596,Open
2025-11-22,Saturday,,Closed
2025-11-23,Sunday,,Closed
2025-11-24,Monday,438.54620767594156,Open
2025-11-25,Tuesday,438.54620767594156,Open
2025-11-26,Wednesday,438.54620767594156,Open
2025-11-27,Thursday,438.54622965321596,Open
2025-11-28,Friday,438.54620767594156,Open
2025-11-29,Saturday,,Closed
2025-11-30,Sunday,,Closed
2025-12-01,Monday,438.54620767594156,Open
2025-12-02,Tuesday,438.54622965321596,Open
2025-12-03,Wednesday,438.54622965321596,Open
2025-12-04,Thursday,438.54620767594156,Open
2025-12-05,Friday,438.54620767594156,Open
2025-12-06,Saturday,,Closed
2025-12-07,Sunday,,Closed
2025-12-08,Monday,438.54620767594156,Open
2025-12-09,Tuesday,438.54620767594156,Open
2025-12-10,Wednesday,438.54620767594156,Open
2025-12-11,Thursday,438.54618569866716,Open
2025-12-12,Friday,438.54620767594156,Open
2025-12-13,Saturday,,Closed
2025-12-14,Sunday,,Closed
2025-12-15,Monday,438.54620767594156,Open
2025-12-16,Tuesday,438.54622965321596,Open
2025-12-17,Wednesday,438.54620767594156,Open
2025-12-18,Thursday,438.54622965321596,Open
2025-12-19,Friday,438.54620767594156,Open
2025-12-20,Saturday,,Closed
2025-12-21,Sunday,,Closed
2025-12-22,Monday,438.54620767594156,Open
2025-12-23,Tuesday,438.54620767594156,Open
2025-12-24,Wednesday,438.54620767594156,Open
2025-12-25,Thursday,,Closed
2025-12-26,Friday,438.54622965321596,Open
2025-12-27,Saturday,,Closed
2025-12-28,Sunday,,Closed
2025-12-29,Monday,438.54622965321596,Open
2025-12-30,Tuesday,438.54620767594156,Open
2025-12-31,Wednesday,438.54620767594156,Open
